Latitude,Longitude,Average_dist_F,Average_popularity_F,Average_rating_F,Max_rating_F,Max_popularity_F,Min_rating_F,Min_popularity_F
51.52916347,-0.109970527,737.0,0.9860041476271286,9.110000000000001,9.3,0.9981978710303673,9.0,0.9700423363782942
51.49960695,-0.197574246,629.0,0.9881526403237281,9.040000000000001,9.5,0.9994921272903762,8.8,0.9663288585014751
51.50597426,-0.092754157,737.4,0.9918886448126674,9.31,9.5,0.9999358332866873,9.2,0.9639328461213952
51.52395143,-0.122502346,814.0,0.9896059481177992,9.2,9.4,0.9998348048444503,9.1,0.9700423363782942
51.52168078,-0.130431727,848.1,0.9910031441689524,9.36,9.7,0.9998348048444503,9.2,0.9668490184540737
51.52635795,-0.125979294,736.9,0.9903366295000321,9.190000000000001,9.7,0.9998348048444503,9.0,0.9668490184540737
51.51477076,-0.12221963,576.1,0.9252633907056564,9.4,9.5,0.9998348048444503,9.3,0.5106441655391983
51.52505093,-0.131161087,748.3,0.9897467053123213,9.180000000000001,9.7,0.9998348048444503,9.0,0.9668490184540737
51.527326,-0.13605286,1238.6,0.9509336256786997,9.11,9.7,0.9985446443320996,8.9,0.5977388742427987
51.52728093,-0.11829517,751.6,0.9888265273384329,9.11,9.2,0.9985446443320996,9.0,0.9700423363782942
51.52351808,-0.143613641,728.1,0.9902801081823481,9.249999999999998,9.7,0.999873031822594,9.1,0.9668490184540737
51.52915444,-0.093421615,725.3,0.9819189123878619,9.129999999999999,9.3,0.9973022675424286,9.0,0.9545276442488194
51.50173726,-0.184980612,642.9,0.9969269605320102,9.120000000000001,9.6,0.9999071630530795,9.0,0.9857877556258507
51.5263778,-0.078130921,607.5,0.9860074242252553,9.24,9.4,0.9997446983959687,9.1,0.9693283110365382
51.520955,-0.083493552,678.1,0.9842042030562471,9.22,9.3,0.9997446983959687,9.1,0.9545276442488194
51.52026,-0.157183945,660.8,0.9970793223448974,9.3,9.5,0.9999972695015612,9.2,0.9797751980635305
51.52867339,-0.087459376,561.6,0.9830837430218701,9.139999999999999,9.3,0.9973022675424286,9.0,0.9545276442488194
51.52295439,-0.094934859,706.5,0.9876139129817453,9.070000000000002,9.3,0.9995904252341744,8.9,0.9724424445060323
51.5099923,-0.143495266,560.7,0.927208870843328,9.420000000000002,9.5,0.9999972695015612,9.4,0.5106441655391983
51.52058381,-0.154701411,702.9,0.9984769279708164,9.32,9.5,0.9999972695015612,9.2,0.9943860952097501
51.52644828,-0.172190727,831.1,0.9909483976752537,8.84,9.2,0.9992422866832226,8.7,0.9823500580913543
51.51795029,-0.108657431,641.7,0.9889948625671872,9.1,9.3,0.9997023756701667,9.0,0.9700423363782942
51.52059681,-0.116688468,750.1,0.9933980643496566,9.179999999999998,9.4,0.9998348048444503,9.1,0.9700423363782942
51.52341837,-0.124121774,805.0,0.9896471786442256,9.19,9.4,0.9998348048444503,9.0,0.9700423363782942
51.53301907,-0.139174593,856.5,0.9888624333929037,9.16,9.7,0.999537180514617,9.0,0.9668490184540737
51.53440868,-0.109025404,714.6,0.9835466990321748,9.149999999999999,9.3,0.9937376018305262,9.0,0.9659220142340884
51.5208417,-0.097340162,836.2,0.9892305045824591,9.2,9.3,0.9997023756701667,9.1,0.9639328461213952
51.53095071,-0.078505384,622.7,0.9830736401776463,9.169999999999998,9.3,0.9973022675424286,9.1,0.9545276442488194
51.51340693,-0.076793375,727.9,0.9893610224078355,9.23,9.4,0.9998525530843028,9.1,0.9693283110365382
51.51159481,-0.077121322,622.8,0.9904974558580797,9.209999999999999,9.4,0.9998525530843028,9.1,0.9693283110365382
51.51410514,-0.147301667,509.6,0.998353509441381,9.4,9.5,0.9999972695015612,9.3,0.9959779757995924
51.52600832,-0.096317627,741.3,0.9858644826319821,9.129999999999999,9.3,0.9995904252341744,9.0,0.9545276442488194
51.53304322,-0.172528678,504.4,0.9330165044978136,8.620000000000001,9.2,0.9992422866832226,8.2,0.4300070856434488
51.52451738,-0.158963647,727.5,0.9944140828187484,9.219999999999999,9.6,0.9998757623210329,9.0,0.9797751980635305
51.51449962,-0.141423695,707.8,0.9272309878806826,9.430000000000001,9.5,0.9999972695015612,9.4,0.5106441655391983
51.49536226,-0.185296516,735.9,0.9944146289184358,9.129999999999999,9.4,0.9997774643772347,9.0,0.9759606917444745
51.504904,-0.06797,731.1,0.9891357562866314,9.190000000000001,9.5,0.9999249112929319,8.9,0.9715796069993597
51.52326004,-0.104708922,569.4,0.9897181716036354,9.07,9.3,0.9995904252341744,9.0,0.9700423363782942
51.51227622,-0.157436972,650.1,0.9986182312650262,9.399999999999999,9.6,0.9999986347507805,9.3,0.9959779757995924
51.52096262,-0.085634242,740.6,0.9842042030562471,9.22,9.3,0.9997446983959687,9.1,0.9545276442488194
51.48894022,-0.111435796,738.7,0.9829985514705782,8.73,9.0,0.997512515922219,8.4,0.9674647458520316
51.50074359,-0.202759212,659.8,0.9906810818780913,9.090000000000002,9.5,0.9994921272903762,8.9,0.9663288585014751
51.48836528,-0.129361842,672.1,0.9868545613659044,8.74,9.1,0.9977596260309338,8.5,0.973901895921591
51.49217002,-0.101536865,547.9,0.9849407550101233,8.91,9.2,0.9978046792551747,8.7,0.9652202761353071
51.49586666,-0.191933711,671.5,0.9896500456675865,8.969999999999999,9.2,0.9995672159974442,8.8,0.9674961465840782
51.49085368,-0.196170309,729.1,0.9787115323966814,8.78,9.2,0.997782835267664,8.5,0.9497383499870984
51.49234577,-0.141334487,595.9,0.9946087673574372,9.020000000000001,9.2,0.9997337764022134,8.9,0.9805083368943583
51.51760685,-0.121328408,622.8,0.9461432392176029,9.359999999999998,9.5,0.9999713297663922,9.3,0.5106441655391983
51.4931848,-0.167894973,660.8,0.9936663358212725,9.23,9.4,0.9998907800624465,9.1,0.9797205880947537
51.517932,-0.183716959,687.0,0.9925223935003217,8.95,9.1,0.9990074638174825,8.8,0.9824783915179797
51.50040123,-0.195455928,555.1,0.9920909747469853,9.05,9.5,0.9994921272903762,8.9,0.9771184230825416
51.5147461,-0.1651640000000043,872.2,0.9996253756141915,9.28,9.6,0.9999986347507805,9.1,0.998924183615098
51.4916156,-0.186753859,701.1,0.9851572835363231,8.959999999999999,9.2,0.9997774643772347,8.8,0.9601115135562421
51.49121192,-0.173715911,691.8,0.9899748384568863,9.189999999999998,9.4,0.9997774643772347,9.1,0.9797205880947537
51.48985626,-0.141923621,652.2,0.994684538689115,8.959999999999999,9.2,0.9999535815265398,8.8,0.9805083368943583
51.49941247,-0.152317537,679.8,0.9963670718271267,9.209999999999999,9.4,0.9999426595327844,9.1,0.9818694903661189
51.51733558,-0.175810943,673.6,0.9931747095773599,8.919999999999998,9.1,0.9992982619012187,8.8,0.9824783915179797
51.5165179,-0.164393768,897.6,0.9974919006590058,9.290000000000001,9.5,0.9999972695015612,9.2,0.9797751980635305
51.50462759,-0.091773776,718.5,0.9918909657363402,9.31,9.5,0.9999358332866873,9.2,0.9639328461213952
51.51048489,-0.082989638,661.4,0.9890467420375252,9.290000000000001,9.5,0.9999358332866873,9.2,0.9639328461213952
51.51236389,-0.06954201,788.1,0.9920419623000081,9.139999999999999,9.3,0.9998525530843028,9.0,0.9693283110365382
51.51821864,-0.100791005,660.8,0.9879650550809798,9.16,9.3,0.9997023756701667,9.0,0.9639328461213952
51.52659961,-0.112432615,617.7,0.9866874548614477,9.05,9.1,0.9981978710303673,9.0,0.9700423363782942
51.51681444,-0.151926305,577.5,0.998339310849499,9.389999999999999,9.5,0.9999972695015612,9.3,0.9959779757995924
51.52683806,-0.130504336,680.0,0.9902929415250107,9.17,9.7,0.9998348048444503,9.0,0.9668490184540737
51.51906932,-0.088285377,799.1,0.9882307325790787,9.24,9.3,0.9997446983959687,9.1,0.9639328461213952
51.49094565,-0.181190899,677.3,0.9936332967901624,9.080000000000002,9.4,0.9997774643772347,8.9,0.9759606917444745
51.48971651,-0.170194408,698.1,0.9894542689295218,9.189999999999998,9.4,0.9997774643772347,9.1,0.9797205880947537
51.49148474,-0.090220911,825.5,0.9754515903105532,8.9,9.2,0.9978046792551747,8.7,0.9340611932005128
51.51031,-0.18740235,610.2,0.9923633419662592,9.070000000000002,9.6,0.9999071630530795,8.9,0.9663288585014751
51.49571828,-0.110889274,751.5,0.9855088352103234,8.94,9.2,0.9978046792551747,8.8,0.9652202761353071
51.51838043,-0.073438925,545.9,0.9856379877864805,9.2,9.4,0.9997446983959687,9.1,0.9693283110365382
51.5097860151,-0.0681619805156,708.9,0.9907840216692356,9.100000000000001,9.4,0.9998525530843028,8.9,0.9823705368296456
51.52443845,-0.138019439,1287.8,0.9514734452200578,9.209999999999999,9.7,0.9998348048444503,9.0,0.5977388742427987
51.52200801,-0.151359288,754.3,0.9985315379395932,9.34,9.6,0.9999972695015612,9.2,0.9943860952097501
51.4853572,-0.142207481,700.4,0.9826711647077616,8.76,9.2,0.9999535815265398,8.5,0.9300200555110333
51.52285301,-0.099994052,792.8,0.9882992680898933,9.110000000000001,9.3,0.9995904252341744,9.0,0.9700423363782942
51.518908,-0.079249,559.8,0.9839980504241147,9.169999999999998,9.3,0.9997446983959687,9.1,0.9545276442488194
51.53404294,-0.086379717,839.8,0.9812059792454815,9.169999999999998,9.3,0.9973022675424286,9.1,0.9545276442488194
51.53051587,-0.106408455,710.8,0.9829642837151708,9.120000000000001,9.3,0.9937376018305262,9.0,0.9700423363782942
51.5134891,-0.191351186,620.5,0.9827081629616078,8.99,9.1,0.998513243600053,8.9,0.9561440993246112
51.52644342,-0.109256828,631.7,0.9881974204981248,9.080000000000002,9.3,0.9981978710303673,9.0,0.9700423363782942
51.51595344,-0.169249375,680.7,0.996267545159031,9.020000000000001,9.2,0.9995221627732034,8.9,0.9905470144047445
51.49206037,-0.132224622,750.7,0.9947840653572106,9.0,9.4,0.9999699645171728,8.8,0.9805083368943583
51.50082346,-0.089740764,761.0,0.9928243866276569,9.3,9.5,0.9999358332866873,9.1,0.9744275168710672
51.4863434,-0.122492418,636.5,0.9803487392606083,8.569999999999999,9.1,0.9977596260309338,8.3,0.9450364316754202
51.53583617,-0.156285395,695.8,0.9913757206809317,9.16,9.6,0.9998757623210329,8.8,0.9607804856737573
51.49671237,-0.20528437,630.8,0.979504059568554,8.780000000000001,9.5,0.9994921272903762,8.5,0.9729994661875552
51.51862243,-0.176645823,700.7,0.9922075670303234,8.91,9.1,0.9992982619012187,8.8,0.9824783915179797
51.52367314,-0.128377673,777.9,0.9905844222333565,9.26,9.7,0.9998348048444503,9.0,0.9668490184540737
51.49236962,-0.147478734,710.7,0.9937582170937393,9.11,9.3,0.9996982799225085,9.0,0.9797205880947537
51.518268,-0.17110323,680.2,0.9923641611157908,8.969999999999999,9.2,0.9995221627732034,8.8,0.9658974397481388
51.48483991,-0.138089062,693.5,0.9813298073496826,8.59,8.9,0.9999535815265398,8.3,0.9300200555110333
51.49815779,-0.209494128,763.5,0.9819681978846828,8.86,9.5,0.9994921272903762,8.5,0.9664394436882481
51.50029631,-0.092762704,726.7,0.9941111340169593,9.229999999999999,9.5,0.9999358332866873,9.1,0.9744275168710672
51.49612799,-0.106000855,663.8,0.9869904036632366,9.010000000000002,9.3,0.9978046792551747,8.8,0.9674647458520316
51.51475963,-0.148105415,518.1,0.9982333675100721,9.389999999999999,9.5,0.9999972695015612,9.3,0.9959779757995924
51.466907,-0.216573,458.6,0.9728536575709213,8.74,9.2,0.998059980859206,8.5,0.9255829955479223
51.50990837,-0.187842717,671.6,0.9969646414104663,9.09,9.6,0.9999071630530795,8.9,0.9908132380025312
51.51918144,-0.140485596,912.5,0.9242540619577401,9.460000000000003,9.7,0.9999972695015612,9.4,0.5106441655391983
51.53088935,-0.176770502,658.6,0.9337921025793652,8.75,9.2,0.9992422866832226,8.5,0.4300070856434488
51.51734403,-0.138072691,804.2,0.9271561722234585,9.420000000000002,9.5,0.9998348048444503,9.4,0.5106441655391983
51.50088934,-0.083159352,653.4,0.9924255973306646,9.28,9.5,0.9999358332866873,9.1,0.9744275168710672
51.497998,-0.14296064,766.1,0.9921256520771585,9.19,9.4,0.9999426595327844,9.1,0.9680927604929642
51.52702563,-0.088542771,558.4,0.984523534848669,9.139999999999999,9.3,0.9995904252341744,9.0,0.9545276442488194
51.49785559,-0.081608045,584.6,0.9861788995272143,9.19,9.5,0.9999249112929319,9.0,0.962549848662124
51.526293,-0.073955,608.0,0.9860074242252553,9.24,9.4,0.9997446983959687,9.1,0.9693283110365382
51.53266186,-0.099981142,587.4,0.9831360320669734,9.1,9.3,0.9937376018305262,9.0,0.9659220142340884
51.53114,-0.086016,627.9,0.9845897494358107,9.15,9.3,0.9973022675424286,9.0,0.9545276442488194
51.53589283,-0.160854428,667.9,0.9901682942712778,9.01,9.6,0.9998757623210329,8.7,0.9740725520740183
51.52085887,-0.089887855,839.1,0.9860658568918466,9.250000000000002,9.3,0.9997023756701667,9.2,0.9639328461213952
51.49334336,-0.194757949,910.4,0.9896500456675865,8.969999999999999,9.2,0.9995672159974442,8.8,0.9674961465840782
51.50860544,-0.193764092,825.6,0.9940729070388153,9.19,9.6,0.9999071630530795,9.0,0.97554838648021
51.5333196,-0.1117812,707.3,0.9870052848797283,9.139999999999999,9.3,0.9967056536335426,9.0,0.9775034233624177
51.48802358,-0.166878535,603.6,0.9879179539829099,9.149999999999999,9.3,0.9996982799225085,9.1,0.9797205880947537
51.529423,-0.097122,737.7,0.9866563271792449,9.1,9.3,0.9973022675424286,9.0,0.9724424445060323
51.486965,-0.116625,669.5,0.9844237351307294,8.7,9.1,0.9977596260309338,8.4,0.9681651187015934
51.516226,-0.124826,556.9,0.9252633907056564,9.4,9.5,0.9998348048444503,9.3,0.5106441655391983
51.5173721,-0.1642075,860.9,0.99742049812483,9.28,9.5,0.9999972695015612,9.1,0.9797751980635305
51.50024195,-0.15934065,573.8,0.9965968432707548,9.280000000000001,9.6,0.9999986347507805,9.1,0.9797205880947537
51.520205,-0.174593,600.3,0.9835802841629725,8.83,9.0,0.9992982619012187,8.7,0.9310453576748168
51.49775,-0.10988,725.2,0.9907064755135728,9.080000000000002,9.3,0.9998375353428892,8.9,0.9674647458520316
51.515208,-0.117863,638.6,0.9953693476975755,9.33,9.4,0.9999713297663922,9.2,0.9895148859948639
51.49188409,-0.125674815,788.7,0.9420519968817708,8.989999999999998,9.4,0.9999726950156116,8.7,0.5010437330282457
51.50935171,-0.14744969,542.0,0.9984388375175947,9.39,9.4,0.9999972695015612,9.3,0.9959779757995924
51.521776,-0.068856,545.5,0.9861666122842395,9.209999999999999,9.4,0.9997446983959687,9.1,0.9693283110365382
51.51348,-0.17977,602.6,0.993305773502424,9.03,9.6,0.9999071630530795,8.8,0.9823951113155951
51.493146,-0.099828,486.8,0.9849407550101233,8.91,9.2,0.9978046792551747,8.7,0.9652202761353071
51.499917,-0.174554,706.4,0.9954275073143226,9.229999999999999,9.6,0.9999071630530795,9.1,0.9805834256014264
51.488124,-0.120903,656.5,0.9859016174107502,8.610000000000001,9.1,0.9977596260309338,8.4,0.9681651187015934
51.5338,-0.118677,604.8,0.9893989763361353,9.16,9.3,0.999537180514617,9.0,0.9751893259355029
51.483145,-0.113134,494.7,0.9816630646841427,8.559999999999999,8.9,0.9974415229628092,8.3,0.962566231652757
51.495656,-0.114605,853.1,0.9915007775094304,9.03,9.4,0.9999726950156116,8.8,0.973901895921591
51.510101,-0.211358,763.2,0.9834501759123621,9.01,9.5,0.9994921272903762,8.8,0.9561440993246112
51.515256,-0.058641,793.7,0.9790135255240168,8.929999999999998,9.2,0.9938973359891982,8.8,0.9211814320645162
51.52568,-0.055312,641.1,0.9798610722394321,8.989999999999998,9.4,0.9938973359891982,8.8,0.9581018667052578
51.528936,-0.055894,786.4,0.9850647196392466,9.080000000000002,9.4,0.9993392193778013,8.9,0.9599381269053759
51.493381,-0.007542,717.9,0.9788730413793385,8.49,9.1,0.9963861853161985,7.9,0.9420888586106951
51.511088,-0.057159,793.0,0.9800680440210957,8.77,9.2,0.9913948341700035,8.4,0.9508168968704392
51.504719,-0.063531,877.5,0.9873964287810917,9.03,9.3,0.9998525530843028,8.8,0.9715796069993597
51.487679,-0.021582,853.3,0.974103816281143,8.7,9.1,0.9967356891163698,8.4,0.9580540829825781
51.542138,-0.145393,397.2,0.9895215757160392,9.0,9.3,0.999833439595231,8.8,0.9607804856737573
51.535179,-0.03338,700.3,0.9550050719008502,8.879999999999999,9.5,0.9997269501561162,8.5,0.7765250857717823
51.516,-0.038775,610.8,0.9824838525148574,8.370000000000001,8.9,0.998252480999144,7.9,0.9666005430961395
51.53558,-0.08249,752.1,0.9786038142332693,9.010000000000002,9.2,0.9962592171387926,8.9,0.9545276442488194
51.534464,-0.076341,603.2,0.9785214897053385,9.080000000000002,9.2,0.9950277623428769,8.9,0.9545276442488194
51.523538,-0.030556,774.2,0.9528204000999361,8.34,9.0,0.998252480999144,8.0,0.7765250857717823
51.521564,-0.022694,825.7,0.9222527431269942,8.05,8.6,0.998252480999144,7.8,0.419425038943734
51.530535,-0.025492,694.7,0.9476243980957504,8.42,9.0,0.9969240935086495,8.1,0.7765250857717823
51.541515,-0.038557746,752.5,0.9753549306658182,8.780000000000001,9.5,0.9997269501561162,8.4,0.9267762233656943
51.489096,-0.009205,715.2,0.9822071164980812,8.77,9.3,0.9979603176661884,8.5,0.9614453620436143
51.49109,-0.018716,763.5,0.9468055216139432,8.350000000000001,8.9,0.9957499791799495,7.8,0.6749341608563936
51.521889,-0.04667,787.6,0.9758027324097878,8.77,9.2,0.9938973359891982,8.5,0.9548348253231886
51.527152,-0.058005,685.9,0.9819059425202775,9.05,9.4,0.9950277623428769,8.9,0.9581018667052578
51.487129,-0.0090011,633.1,0.9852105282558805,8.86,9.3,0.9979603176661884,8.6,0.9614453620436143
51.522507,-0.041378,773.0,0.9064398805679984,8.59,9.0,0.9938973359891982,8.3,0.30750873418188124
51.525501,-0.032267204,486.0,0.9599534176966336,8.290000000000001,9.2,0.998252480999144,7.6,0.7765250857717823
51.50196,-0.016251,489.5,0.9934577257405452,8.749999999999998,9.1,0.9984149456562548,8.5,0.9879407536448741
51.528169,-0.018703,748.2,0.913602524072757,8.029999999999998,8.7,0.9969240935086495,7.6,0.419425038943734
51.52512,-0.015578,622.4,0.8125220658405089,,8.7,0.9969240935086495,6.8,0.27635238174552573
51.526578,-0.027581,706.8,0.9474186550383837,8.360000000000001,9.0,0.998252480999144,8.0,0.7765250857717823
51.527058,-0.025296,717.0,0.9500089423823871,8.32,9.0,0.998252480999144,8.0,0.7765250857717823
51.519265,-0.021345,728.5,0.9704603756892801,7.919999999999999,8.6,0.998252480999144,7.6,0.9323669189192141
51.520019,-0.05438,704.8,0.977697698326341,8.860000000000001,9.2,0.9938973359891982,8.7,0.9548348253231886
51.53341,-0.049591815,754.6,0.9737530837566742,9.030000000000001,9.2,0.9993392193778013,8.9,0.9267762233656943
51.520893,-0.051394,659.0,0.9812057061956375,8.73,9.2,0.9938973359891982,8.4,0.9548348253231886
51.496454,-0.009506,779.6,0.9877216311451574,8.590000000000002,9.1,0.9984149456562548,8.4,0.9580540829825781
51.520398,-0.026768,704.6,0.9763215271131669,8.110000000000001,9.0,0.998252480999144,7.7,0.9343915835116121
51.517475,-0.075855,573.2,0.9865987136621855,9.169999999999998,9.3,0.9997446983959687,9.1,0.9693283110365382
51.519362,-0.074431,455.7,0.9857532148205996,9.2,9.4,0.9997446983959687,9.1,0.9693283110365382
51.517842,-0.090075,702.1,0.9887521212559747,9.219999999999999,9.3,0.9997023756701667,9.1,0.9639328461213952
51.509303,-0.025996,663.0,0.990128019419305,8.79,9.1,0.9984149456562548,8.6,0.9778078739383481
51.511066,-0.053558,812.0,0.980751214730493,8.67,9.2,0.9919395686085517,8.3,0.9666005430961395
51.532513,-0.033085,644.0,0.9550304655363313,8.89,9.5,0.9997269501561162,8.5,0.7765250857717823
51.528224,-0.037471,489.6,0.9465577288806186,8.65,9.2,0.9956079932611298,8.3,0.7765250857717823
51.518811,-0.011662,3259.1,0.9688720464146054,7.49,8.6,0.9897224038762156,6.4,0.9312719890452402
51.526041,-0.047218,721.0,0.9811515058016264,8.93,9.2,0.9956079932611298,8.7,0.9584227002718211
51.525941,-0.036017,689.4,0.956957514809541,8.59,9.2,0.9956079932611298,8.1,0.7765250857717823
51.51549,-0.013475,3221.5,0.9697946818370887,7.610000000000001,8.6,0.9897224038762156,6.5,0.9312719890452402
51.511654,-0.179668,616.2,0.993225769898166,9.05,9.6,0.9999071630530795,8.9,0.9823951113155951
51.496927,-0.21350087,834.8,0.9875411451983502,8.830000000000002,9.5,0.9994921272903762,8.5,0.9755388297356741
51.503143,-0.008428,575.5,0.9932103425819868,8.7,9.1,0.9996846274303143,8.5,0.9793260310703418
51.503802,-0.215808,723.5,0.992690046104466,8.89,9.5,0.999957677274198,8.6,0.9793492403070718
51.486892,-0.170983,671.2,0.9858898762674633,9.129999999999999,9.3,0.9996982799225085,9.0,0.9759606917444745
51.508896,-0.012413,655.8,0.9930948424980238,8.680000000000001,9.1,0.9996846274303143,8.5,0.9793260310703418
51.530326,-0.042744,681.4,0.9725191715121635,8.95,9.2,0.9956079932611298,8.7,0.9267762233656943
51.528222,-0.069743,714.1,0.9825429678060583,9.22,9.4,0.9957295004416581,9.1,0.9545276442488194
51.531864,-0.066035,772.6,0.9882195375354795,9.16,9.4,0.9993392193778013,9.0,0.9816865469707168
51.537349,-0.147154,655.4,0.9940622580949039,9.15,9.6,0.9998757623210329,8.8,0.9852662304240327
51.53385,-0.06992,679.6,0.9850393260037654,9.09,9.4,0.9993392193778013,8.9,0.9597934104881175
51.51793,-0.067937,712.6,0.98662574559673,9.2,9.4,0.9997446983959687,9.1,0.9693283110365382
51.508981,-0.00699,777.9,0.9913638430127227,8.610000000000003,9.1,0.9996846274303143,8.4,0.9793260310703418
51.514115,-0.033828,679.3,0.9402688448762879,8.59,8.9,0.9917156677365669,8.0,0.5709554150562415
51.526153,-0.102208,726.7,0.9879893565170853,9.110000000000001,9.3,0.9995904252341744,9.0,0.9700423363782942
51.511542,-0.056667,839.9,0.9787840271302326,8.82,9.2,0.9913948341700035,8.5,0.9508168968704392
51.535678,-0.062546,780.6,0.9900177072823759,9.11,9.2,0.9993392193778013,9.0,0.9823104658639912
51.493978,-0.127554,676.8,0.9430852174910269,9.02,9.4,0.9999726950156116,8.8,0.5010437330282457
51.518369,-0.043371,645.7,0.9823092371396935,8.459999999999999,8.9,0.998252480999144,8.0,0.9666005430961395
51.509158,-0.224103,416.0,0.9843788184314104,8.65,8.9,0.999957677274198,8.5,0.9585837996797125
51.53213,-0.08299,711.2,0.9843244815124779,9.139999999999999,9.3,0.9973022675424286,9.0,0.9545276442488194
51.506256,-0.218337,669.6,0.9914554512353456,8.8,9.3,0.999957677274198,8.6,0.9793492403070718
51.539099,-0.141728,659.2,0.9907361014216342,9.03,9.3,0.999833439595231,8.8,0.9751893259355029
51.53356,-0.09315,729.5,0.9798603896148222,9.139999999999999,9.3,0.9973022675424286,9.0,0.9545276442488194
51.528869,-0.047548,733.9,0.9733235763522451,8.959999999999999,9.2,0.9956079932611298,8.7,0.9267762233656943
51.527607,-0.057133,700.9,0.9819059425202775,9.05,9.4,0.9950277623428769,8.9,0.9581018667052578
51.487196,-0.179369,744.5,0.9851175547840381,8.98,9.2,0.9995672159974442,8.8,0.9601115135562421
51.53256,-0.16862,544.3,0.9241789732506721,8.73,9.6,0.9994252300786247,8.2,0.3239026468086617
51.531066,-0.11934,660.5,0.9883303957720961,9.179999999999998,9.3,0.999537180514617,9.1,0.9700423363782942
51.493267,-0.21985,631.5,0.984124199451989,8.84,9.3,0.9945854215957852,8.6,0.955507893188362
51.472817,-0.199783,561.6,0.9782435249642646,8.84,9.0,0.9936966443539436,8.7,0.9479730827463899
51.473471,-0.20782,521.8,0.9842573112508823,8.889999999999999,9.2,0.998059980859206,8.8,0.9643369598903432
51.485743,-0.223616,648.5,0.9795669975575692,8.79,9.3,0.9935068747124444,8.5,0.955507893188362
51.514767,-0.225787,751.8,0.9194713208922725,8.459999999999999,8.7,0.999957677274198,8.1,0.25545860769154105
51.472993,-0.133972,752.6,0.9666249810571672,8.42,8.7,0.99953035426852,8.2,0.9465395710660003
51.477839,-0.116493,679.0,0.9844147244858814,8.45,8.8,0.99953035426852,8.2,0.9549167402763538
51.520331,-0.163667,773.1,0.9954010214794662,9.229999999999999,9.5,0.9998129608569396,9.0,0.9797751980635305
51.504199,-0.210941,749.6,0.9919706962907542,8.940000000000001,9.5,0.999957677274198,8.7,0.9771184230825416
51.491093,-0.216493,691.2,0.9791608359147921,8.74,9.3,0.9935068747124444,8.5,0.955507893188362
51.46512358,-0.157788279,645.5,0.8760682733829647,8.419999999999998,9.1,0.9993269321348266,8.1,0.03239190297992947
51.48256792,-0.172078187,757.1,0.9814919989569496,8.969999999999999,9.2,0.9966674266553988,8.8,0.9497383499870984
51.50646524,-0.208486599,665.6,0.985547608288155,9.02,9.5,0.9994921272903762,8.8,0.9623436960299918
51.46925984,-0.141812513,757.4,0.9587895427370787,8.72,9.0,0.9839733394132432,8.5,0.9223200499135115
51.50403821,-0.217400093,728.8,0.9926346169861574,8.900000000000002,9.5,0.999957677274198,8.7,0.9793492403070718
51.47107905,-0.207842908,608.2,0.9832374700839763,8.889999999999999,9.2,0.998059980859206,8.8,0.9643369598903432
51.47625965,-0.193254007,660.6,0.9798397743516091,8.86,9.1,0.997782835267664,8.7,0.9479730827463899
51.4737636,-0.197010096,592.6,0.978477801730317,8.809999999999999,9.0,0.9936966443539436,8.6,0.9479730827463899
51.47518024,-0.167160736,628.4,0.9630235901412624,8.620000000000001,9.5,0.9995740422435413,8.4,0.9220483653188472
51.46086446,-0.187427294,692.8,0.9691575183591888,8.459999999999999,8.7,0.9852908049099823,8.3,0.9323546316762393
51.50748124,-0.205535908,597.1,0.9840814671514211,9.06,9.5,0.9994921272903762,8.8,0.9561440993246112
51.46193072,-0.180791784,587.8,0.9788921548684104,8.370000000000001,8.7,0.9977173033051319,7.9,0.9579325758020498
51.4729184,-0.132102704,708.7,0.8889634618351409,8.320000000000002,8.7,0.99953035426852,7.9,0.16651535154484776
51.47761941,-0.149551631,571.5,0.9787385643312259,8.58,9.5,0.9999535815265398,8.3,0.9430936820361873
51.48438657,-0.20481514,748.1,0.9767328767029777,8.830000000000002,9.1,0.997782835267664,8.7,0.9479730827463899
51.45995384,-0.190184054,668.2,0.9692645538979912,8.44,8.7,0.9844620986337951,8.2,0.9323546316762393
51.47073264,-0.126994068,728.8,0.8806369433708274,8.33,8.7,0.986068996965051,8.0,0.16651535154484776
51.4795017,-0.141770709,649.5,0.9883750394215713,8.500000000000002,8.9,0.9999535815265398,8.2,0.9660640001529079
51.47053858,-0.163041605,831.7,0.8701581095121009,8.48,8.7,0.9911968730331878,8.4,0.03239190297992947
51.48959104,-0.209378594,641.3,0.9768774565953142,8.48,8.7,0.98506144304112,8.3,0.9570356070648917
51.48606206,-0.214428378,719.2,0.9729182338589997,8.709999999999999,8.9,0.9932242681240246,8.5,0.9479730827463899
51.46706414,-0.193502076,679.2,0.975999464822306,8.46,8.8,0.9929703317692128,8.2,0.9441517501812369
51.45787019,-0.174691623,538.5,0.9374153374827807,8.45,8.7,0.9852908049099823,8.2,0.7224762344242129
51.47286577,-0.148059277,688.7,0.8783265321168054,8.54,9.5,0.9995740422435413,8.3,0.03239190297992947
51.49824168,-0.117495865,802.0,0.9981438071612784,9.16,9.4,0.9999726950156116,9.0,0.990512883174259
51.46916161,-0.174485792,742.0,0.9631184749620119,8.55,8.7,0.9787908533763295,8.4,0.9220483653188472
51.48373225,-0.223852256,663.0,0.9784854471259455,8.690000000000001,8.9,0.9973090937885256,8.4,0.955507893188362
51.50035306,-0.217515071,677.9,0.9867753769111784,8.690000000000001,8.9,0.999957677274198,8.5,0.9695235416749151
51.46904022,-0.19627483,702.1,0.977159653608968,8.629999999999999,8.9,0.9965909726991113,8.3,0.9441517501812369
51.48180515,-0.18027465,756.0,0.9776166025227075,8.779999999999998,9.1,0.9995508330068112,8.6,0.9356544390395745
51.48089844,-0.183853573,722.4,0.9739130909651902,8.779999999999998,9.1,0.9995508330068112,8.6,0.9356544390395745
51.51148696,-0.218190203,768.1,0.991511426453342,8.76,9.3,0.999957677274198,8.6,0.9715782417501403
51.47084722,-0.17070367,634.3,0.9640430217334023,8.49,8.7,0.9911968730331878,8.4,0.9220483653188472
51.48294452,-0.219346128,629.8,0.9782200426776907,8.670000000000002,8.9,0.9973090937885256,8.4,0.955507893188362
51.49968,-0.221791551,634.0,0.9903240692072132,8.82,9.3,0.999957677274198,8.6,0.9793492403070718
51.47729232,-0.16478637,731.5,0.9663228514049098,8.670000000000002,9.5,0.9995740422435413,8.4,0.9220483653188472
51.51323001,-0.211593602,760.9,0.9788207523342347,8.94,9.3,0.999302357648877,8.8,0.9449040025011366
51.474376,-0.155442787,593.2,0.8803531080581106,8.499999999999998,9.5,0.9995740422435413,8.3,0.03239190297992947
51.46108367,-0.191722864,641.6,0.9785120694857243,8.41,8.7,0.9929703317692128,8.2,0.9579325758020498
51.49422354,-0.236769936,565.8,0.9799648311801079,8.870000000000001,9.3,0.9954933123266987,8.7,0.9387030405465365
51.47614939,-0.1232585,739.6,0.9828067339552498,8.42,8.8,0.99953035426852,8.2,0.9549167402763538
51.46718562,-0.152248582,627.9,0.867200570128074,8.419999999999998,8.8,0.991454905135658,8.1,0.03239190297992947
51.475089,-0.201968,449.7,0.9798799126786598,8.849999999999998,9.0,0.9936966443539436,8.7,0.9643369598903432
51.46517078,-0.18038939,658.5,0.9640255465433937,8.469999999999999,8.7,0.9852908049099823,8.3,0.9220483653188472
51.53546778,-0.11619105,691.3,0.9880664930979826,9.15,9.3,0.999537180514617,9.0,0.9751893259355029
51.46348914,-0.182126248,582.3,0.9686705339626223,8.440000000000001,8.7,0.9852908049099823,8.2,0.9323546316762393
51.47787084,-0.126874471,650.8,0.9844429851447233,8.35,8.7,0.99953035426852,8.2,0.963726693489263
51.46866929,-0.146544642,717.3,0.8682698333167229,8.58,9.0,0.9839733394132432,8.3,0.03239190297992947
51.46231278,-0.211468596,612.4,0.9689920501537953,8.6,9.0,0.998059980859206,8.3,0.926596010468731
51.47453545,-0.170210533,593.1,0.9610950390939115,8.520000000000001,8.7,0.9844593681353563,8.4,0.9220483653188472
51.47768469,-0.170329317,733.7,0.9635422483197196,8.72,9.5,0.9995740422435413,8.5,0.9220483653188472
51.47303687,-0.214749808,601.0,0.9838626177015483,8.889999999999999,9.2,0.998059980859206,8.8,0.9643369598903432
51.45475251,-0.195197203,436.4,0.9688684950994378,8.220000000000002,8.6,0.9967152103780784,8.0,0.9269509752657799
51.46067005,-0.198735357,749.5,0.979504059568554,8.32,8.6,0.9929703317692128,8.1,0.9579325758020498
51.46095151,-0.20066766,798.4,0.9813737683745478,8.31,8.6,0.9910562523635877,8.1,0.9643533428809762
51.47047503,-0.152130083,677.0,0.871353794778468,8.389999999999999,8.6,0.9844593681353563,8.2,0.03239190297992947
51.47946386,-0.195777222,588.5,0.9798397743516091,8.86,9.1,0.997782835267664,8.7,0.9479730827463899
51.54211855,-0.028941601,496.9,0.9739969172672627,8.809999999999999,9.5,0.9997269501561162,8.2,0.9307040453699621
51.464786,-0.215618902,457.1,0.9709771225188302,8.71,9.2,0.998059980859206,8.5,0.9255829955479223
51.46071722,-0.216526155,661.5,0.9633524786782204,8.42,8.8,0.9927628138878611,8.2,0.926596010468731
51.53638435,-0.102757578,594.9,0.9809779826258384,9.219999999999999,9.4,0.9937376018305262,9.1,0.9659220142340884
51.48728535,-0.217995921,671.2,0.9774716130556053,8.77,9.3,0.9935068747124444,8.5,0.955507893188362
51.53908372,-0.070329419,777.5,0.9829431223522699,9.110000000000001,9.3,0.9993392193778013,8.9,0.9597934104881175
51.47696496,-0.174347066,627.0,0.9621629370333409,8.570000000000002,8.8,0.980288531770032,8.4,0.9220483653188472
51.52868155,-0.065550321,622.4,0.9872353293732005,9.169999999999998,9.4,0.9957295004416581,9.0,0.9816865469707168
51.45682071,-0.202802098,754.8,0.9695888005876032,8.220000000000002,8.6,0.9898166060723554,7.9,0.9269509752657799
51.50215353,-0.083632928,586.0,0.9924255973306646,9.28,9.5,0.9999358332866873,9.1,0.9744275168710672
51.49021762,-0.215087092,723.8,0.9791608359147921,8.74,9.3,0.9935068747124444,8.5,0.955507893188362
51.47439218,-0.163347594,674.6,0.9670561267606594,8.580000000000002,9.5,0.9995740422435413,8.4,0.9220483653188472
51.48335692,-0.216305546,720.9,0.971783302182897,8.690000000000001,8.9,0.9892404709017608,8.4,0.9479730827463899
51.51854104,-0.034903714,772.9,0.977613052874737,8.379999999999999,8.7,0.998252480999144,8.0,0.9666005430961395
51.47311696,-0.137235175,705.5,0.9722948610654132,8.260000000000002,8.6,0.9908091422548729,7.9,0.9505479427742137
51.51563007,-0.049067243,695.6,0.9823462353935399,8.700000000000003,9.1,0.9938973359891982,8.4,0.9666005430961395
51.53658514,-0.075885686,691.8,0.981030544720786,9.000000000000002,9.2,0.9950277623428769,8.9,0.9597934104881175
51.53571683,-0.060291813,672.0,0.9872661840055592,9.05,9.2,0.9993392193778013,8.9,0.9597934104881175
51.53642464,-0.054162264,745.4,0.9865146143102693,9.1,9.3,0.9993392193778013,9.0,0.9683808280782615
51.48724429,-0.205279052,642.8,0.9704220121862145,8.6,8.8,0.98668199386457,8.4,0.9373186778380459
51.53603947,-0.026262677,842.6,0.9646074157607101,8.95,9.5,0.9997269501561162,8.6,0.7765250857717823
51.52458353,-0.058631453,747.5,0.9844986873128756,9.100000000000001,9.4,0.9950277623428769,8.9,0.9717407064072511
51.46822047,-0.190346493,740.6,0.9754494059118022,8.47,8.8,0.9965909726991113,8.2,0.9441517501812369
51.45799126,-0.184806157,696.8,0.9720058378056622,8.48,8.7,0.9852908049099823,8.3,0.9579325758020498
51.491327,-0.096518684,599.0,0.984967513894824,8.87,9.2,0.9978046792551747,8.6,0.9652202761353071
51.47505096,-0.150908371,608.0,0.9787385643312259,8.58,9.5,0.9999535815265398,8.3,0.9430936820361873
51.46199911,-0.206240805,728.7,0.9715920307672563,8.459999999999999,8.8,0.9910562523635877,8.2,0.9355370276067044
51.47893931,-0.208485293,574.2,0.9765637223246919,8.83,9.0,0.9936966443539436,8.7,0.9479730827463899
51.49208492,-0.229116862,526.1,0.9805258120843672,8.84,9.3,0.9954933123266987,8.7,0.9387030405465365
51.50630441,-0.087262995,681.4,0.9934155395396653,9.31,9.5,0.9999358332866873,9.2,0.9639328461213952
51.46489445,-0.17302926,672.0,0.9638148885888376,8.520000000000001,8.7,0.9852908049099823,8.4,0.9220483653188472
51.50659035,-0.216104479,729.4,0.9937167135174689,8.88,9.5,0.999957677274198,8.6,0.9835118851770797
51.47993289,-0.19411695,648.2,0.9763415962766924,8.86,9.1,0.997782835267664,8.7,0.9479730827463899
51.47514228,-0.187278987,718.8,0.9775535280087704,8.74,9.1,0.9995508330068112,8.5,0.9356544390395745
51.51092871,-0.214594781,831.8,0.9849516770038788,8.9,9.3,0.999957677274198,8.7,0.9561440993246112
51.5129814,-0.219486603,731.3,0.9150434080989314,8.620000000000001,8.9,0.999957677274198,8.4,0.25545860769154105
51.46079243,-0.212607684,576.3,0.9568420147255781,8.42,8.8,0.9871106821194675,8.2,0.926596010468731
51.46745485,-0.172293499,728.7,0.964492598301357,8.540000000000001,8.7,0.9852908049099823,8.4,0.9220483653188472
51.47816972,-0.18243547,704.1,0.9728296291846595,8.75,9.1,0.9995508330068112,8.5,0.9356544390395745
51.4795738,-0.17903854,736.9,0.96772195880497,8.719999999999999,9.1,0.9995508330068112,8.5,0.9356544390395745
51.48796408,-0.161765173,469.4,0.9889522667915415,9.139999999999999,9.3,0.9996982799225085,9.0,0.9797205880947537
51.53727795,-0.079201849,573.6,0.9795992174391474,8.919999999999998,9.2,0.9945362726238861,8.8,0.9580800227177471
51.53932857,-0.074284675,784.8,0.9820708646259831,9.100000000000001,9.3,0.9993392193778013,8.9,0.9597934104881175
51.4710956,-0.157850096,805.2,0.8747650064781075,8.54,9.5,0.9995740422435413,8.3,0.03239190297992947
51.51612862,-0.120909408,628.1,0.9243266932162133,9.389999999999999,9.5,0.9998348048444503,9.3,0.5106441655391983
51.515117,-0.17371276,569.3,0.9943687565446634,8.92,9.1,0.9992982619012187,8.7,0.9864580929925854
51.5129006,-0.214762686,853.4,0.9807798849641006,8.91,9.3,0.999957677274198,8.7,0.9449040025011366
51.48512191,-0.174971902,771.1,0.9852979042059232,9.040000000000003,9.2,0.9966674266553988,8.9,0.9759606917444745
51.47515398,-0.159169801,704.6,0.9756544663445588,8.540000000000001,9.5,0.9995740422435413,8.3,0.9220483653188472
51.48795853,-0.187404506,686.3,0.9780340957340057,8.889999999999999,9.2,0.9995672159974442,8.7,0.9497383499870984
51.52456169,-0.165668686,849.7,0.9956198709293387,9.110000000000001,9.6,0.9998757623210329,8.9,0.9892978113689763
51.48321729,-0.211860644,712.7,0.9690526672191375,8.71,8.9,0.9856799009375167,8.5,0.9373186778380459
51.52059714,-0.032566533,784.4,0.9679753490600941,8.38,9.0,0.998252480999144,7.9,0.8399217985247117
51.46760141,-0.20682737,740.1,0.985013932368284,8.86,9.2,0.998059980859206,8.6,0.9746664354844655
51.45752945,-0.192165613,421.0,0.9774987815150716,8.3,8.7,0.9967152103780784,8.0,0.9523282277563357
51.45705988,-0.200806304,674.1,0.9706045460068509,8.23,8.6,0.9967152103780784,8.0,0.9269509752657799
51.473611,-0.191803,744.3,0.983680493455678,8.819999999999999,9.1,0.9995508330068112,8.5,0.9715495715165325
51.491026,-0.209121,669.1,0.979445490377041,8.63,9.2,0.98506144304112,8.4,0.9739524101427095
51.509224,-0.216016,822.5,0.9912830202589331,8.870000000000001,9.3,0.999957677274198,8.7,0.97554838648021
51.470131,-0.20464,657.6,0.9842704176433885,8.879999999999999,9.2,0.998059980859206,8.7,0.9746664354844655
51.496664,-0.223868,653.0,0.9797575863486001,8.870000000000001,9.3,0.9945854215957852,8.7,0.9387030405465365
51.4619230679,-0.165297856693,558.4,0.8713383674622884,8.429999999999998,8.7,0.991454905135658,8.3,0.03239190297992947
51.474665,-0.18316517,700.7,0.9744279264458331,8.580000000000002,8.9,0.9995508330068112,8.5,0.9356544390395745
51.495898,-0.173009,659.1,0.9914577721590188,9.2,9.4,0.9998907800624465,9.1,0.9797205880947537
51.483911,-0.19760944,660.4,0.9788147452376694,8.82,9.1,0.9995508330068112,8.6,0.9479730827463899
51.5403115,-0.021630359,513.5,0.9801951487234237,8.86,9.5,0.9997269501561162,8.3,0.9307040453699621
51.546326,-0.00993526,825.8,0.9812593604899605,8.72,9.3,0.9956953692111726,8.2,0.9307040453699621
51.546805,-0.01469126,676.2,0.9521101974559946,8.760000000000002,9.3,0.9956953692111726,8.2,0.7273187734054913
51.544909,-0.0205426,425.2,0.9752406593061529,8.77,9.3,0.9956953692111726,8.3,0.9307040453699621
51.541793,-0.00481,518.9,0.8638151616386812,8.03,8.6,0.9979043424481921,7.6,0.07368523087046926
51.528279,-0.11955857,730.8,0.9887482985581603,9.15,9.3,0.9985446443320996,9.0,0.9700423363782942
51.461376,-0.14780467,595.4,0.8701473240432674,8.690000000000001,9.1,0.9993269321348266,8.3,0.03239190297992947
51.524,-0.12640984,801.5,0.9907877078421279,9.249999999999998,9.7,0.9998348048444503,9.0,0.9668490184540737
51.5293,-0.12827903,1115.3,0.9498830664043567,9.209999999999997,9.7,0.999537180514617,9.0,0.5977388742427987
51.5301998755,-0.122299440803,638.6,0.9898794075364487,9.16,9.3,0.999537180514617,9.0,0.9751893259355029
51.4976984561,-0.137598896295,807.3,0.995346821085455,9.2,9.4,0.9999726950156116,9.0,0.9812442062236251
51.4811219398,-0.149035374873,631.0,0.9844652387069998,8.629999999999999,9.5,0.9999535815265398,8.3,0.9635369238477638
51.5052241745,-0.0980318118664,663.7,0.9916654265652924,9.290000000000003,9.5,0.9999358332866873,9.2,0.9639328461213952
51.4765900593,-0.118256789081,719.3,0.9855739575980899,8.440000000000001,8.8,0.99953035426852,8.2,0.9549167402763538
51.5054099403,-0.0983410884509,658.1,0.9916654265652924,9.290000000000003,9.5,0.9999358332866873,9.2,0.9639328461213952
51.5346677396,-0.125078652873,390.4,0.9890982119330973,9.16,9.3,0.999537180514617,9.0,0.9751893259355029
51.5372405623,-0.124807385707,531.0,0.9898944252778623,9.16,9.3,0.999537180514617,9.0,0.9751893259355029
51.464995,-0.13090885,563.2,0.9497283836677965,8.71,9.0,0.979271421101565,8.5,0.9223200499135115
51.5162778834,-0.118272991635,646.5,0.9953693476975755,9.33,9.4,0.9999713297663922,9.2,0.9895148859948639
51.5067252868,-0.0988072461627,625.6,0.9916654265652924,9.290000000000003,9.5,0.9999358332866873,9.2,0.9639328461213952
51.5057030357,-0.0277727426235,682.8,0.9921532301113907,8.799999999999999,9.1,0.9984149456562548,8.6,0.9840402366249947
51.5487311915,-0.0226065549321,647.4,0.9752406593061529,8.77,9.3,0.9956953692111726,8.3,0.9307040453699621
51.4878074485,-0.122759625866,687.1,0.985636622537261,8.64,9.1,0.9977596260309338,8.4,0.9681651187015934
51.4714330677,-0.123670735702,702.4,0.8802463455691519,8.290000000000001,8.7,0.986068996965051,7.9,0.16651535154484776
51.5465327935,-0.0205975904647,505.3,0.9752406593061529,8.77,9.3,0.9956953692111726,8.3,0.9307040453699621
51.4813354746,-0.138212295869,691.2,0.9887548517544136,8.48,8.9,0.9999535815265398,8.2,0.968238842159442
51.492807,-0.091938,753.7,0.9822792016568664,8.95,9.2,0.9978046792551747,8.8,0.956818532439004
51.4835074867,-0.147714557371,629.2,0.9917134833378161,8.6,9.5,0.9999535815265398,8.0,0.9782174487041737
51.473874,-0.11258096,669.5,0.8872877549432261,8.24,8.8,0.9948898721717155,7.9,0.16651535154484776
51.469217,-0.11268674,796.3,0.9758652608240371,8.8,9.2,0.9972394660783352,8.5,0.945661715817914
51.469202,-0.11902256,865.9,0.970115513736455,8.770000000000001,9.1,0.9972394660783352,8.5,0.945661715817914
51.466232,-0.11317995,470.3,0.9758652608240371,8.8,9.2,0.9972394660783352,8.5,0.945661715817914
51.464019,-0.11578197,432.7,0.9702015244372785,8.84,9.2,0.9972394660783352,8.7,0.945661715817914
51.460232,-0.11537509,365.2,0.9713223940464213,8.85,9.2,0.9972394660783352,8.6,0.945661715817914
51.477966,-0.14785703,600.3,0.9787385643312259,8.58,9.5,0.9999535815265398,8.3,0.9430936820361873
51.516785,-0.10494775,736.9,0.9888076868992052,9.19,9.3,0.9997023756701667,9.0,0.9639328461213952
51.541596,-0.12544145,763.6,0.9880910675839321,9.110000000000001,9.3,0.999537180514617,8.9,0.9731796790845185
51.518093,-0.0914017,686.8,0.9916542315216932,9.19,9.3,0.9997023756701667,9.0,0.9639328461213952
51.500845,-0.074704305,546.7,0.986635165816344,9.229999999999999,9.5,0.9999249112929319,9.1,0.962549848662124
51.498439,-0.049150215,669.2,0.9345357538291829,8.489999999999998,9.2,0.9967807423406105,8.1,0.5439166542656529
51.549369,-0.015717614,765.2,0.9742032064243167,8.720000000000002,9.3,0.9956953692111726,8.0,0.9307040453699621
51.489102,-0.0915489,769.4,0.9814555468027912,8.63,8.9,0.999142623490205,8.3,0.9591954313300122
51.48224,-0.0942844,720.3,0.971139587175941,8.33,9.1,0.999142623490205,8.0,0.9469273018443152
51.505697,-0.070542,699.5,0.9858904223671511,9.239999999999998,9.5,0.9999249112929319,9.1,0.962549848662124
51.51196,-0.142783033,604.2,0.927277269829221,9.420000000000002,9.5,0.9999972695015612,9.4,0.5106441655391983
51.4968865,-0.161203828,635.4,0.9950552038521872,9.260000000000002,9.4,0.9998907800624465,9.2,0.9797205880947537
51.5109192966489,-0.1511263847351,539.7,0.9985505149037431,9.41,9.6,0.9999986347507805,9.3,0.9959779757995924
51.53005939,-0.120973687,670.3,0.9883303957720961,9.179999999999998,9.3,0.999537180514617,9.1,0.9700423363782942
51.49313,-0.156876,626.3,0.9920090597938203,9.19,9.3,0.9998907800624465,9.1,0.9797205880947537
51.51811784,-0.144228881,715.5,0.9985563854753865,9.389999999999999,9.5,0.9999972695015612,9.3,0.9959779757995924
51.53430039,-0.1680743,639.5,0.9889152685376953,8.78,9.6,0.9994252300786247,8.3,0.9689774419871475
51.529857,-0.18348604,734.1,0.932115713062841,8.75,9.2,0.9982087930241226,8.5,0.4300070856434488
51.51991453,-0.136039674,874.1,0.9227477824939554,9.43,9.7,0.9998348048444503,9.3,0.5106441655391983
51.51772703,-0.127854211,638.9,0.9252633907056564,9.4,9.5,0.9998348048444503,9.3,0.5106441655391983
51.539834,-0.062806212,477.3,0.9849321539400409,9.06,9.3,0.9993392193778013,8.9,0.9599381269053759
51.5222641,-0.114079481,542.2,0.9894853966117244,9.15,9.4,0.9998348048444503,9.0,0.9700423363782942
51.51943538,-0.119123345,730.4,0.9959488959912187,9.31,9.4,0.9999713297663922,9.2,0.9898875990317653
51.5288338,-0.132250369,1228.1,0.9498830664043567,9.209999999999997,9.7,0.999537180514617,9.0,0.5977388742427987
51.52953709,-0.083353323,614.4,0.9826794927280001,9.169999999999998,9.3,0.9973022675424286,9.1,0.9545276442488194
51.5341235,-0.129386874,519.7,0.9879193192321292,9.23,9.7,0.999537180514617,9.0,0.9668490184540737
51.52127071,-0.0755789,523.3,0.9817299618958945,9.22,9.4,0.9997446983959687,9.1,0.9545276442488194
51.53099181,-0.093903825,716.9,0.9793962048802198,9.129999999999999,9.3,0.9973022675424286,9.0,0.9545276442488194
51.50706909,-0.145904427,609.6,0.9981765731425443,9.37,9.4,0.9999972695015612,9.3,0.9959779757995924
51.52671796,-0.104298194,695.3,0.9871647459885564,9.080000000000002,9.3,0.9981978710303673,9.0,0.9700423363782942
51.52174785,-0.094475072,750.5,0.9871478168982357,9.15,9.3,0.9997023756701667,9.0,0.9639328461213952
51.52334672,-0.120202614,772.1,0.9896059481177992,9.2,9.4,0.9998348048444503,9.1,0.9700423363782942
51.49738251,-0.089446947,845.9,0.9901895921591007,9.219999999999999,9.5,0.9999358332866873,9.1,0.962549848662124
51.4907579,-0.106323685,648.1,0.9806852731931951,8.819999999999999,9.0,0.997512515922219,8.6,0.9652202761353071
51.53089041,-0.089782579,677.8,0.9835001440337926,9.139999999999999,9.3,0.9973022675424286,9.0,0.9545276442488194
51.52522753,-0.13518856,1260.2,0.950643373694651,9.180000000000001,9.7,0.9998348048444503,9.0,0.5977388742427987
51.51882555,-0.108028472,619.5,0.9895106537222838,9.120000000000001,9.3,0.9997023756701667,9.0,0.9700423363782942
51.5262363,-0.134407652,1208.9,0.9521907471599402,9.16,9.7,0.9998348048444503,9.0,0.5977388742427987
51.53136059,-0.117069978,723.3,0.9883303957720961,9.179999999999998,9.3,0.999537180514617,9.1,0.9700423363782942
51.52352001,-0.108340165,518.9,0.9853096453492103,9.07,9.3,0.9981978710303673,9.0,0.9604159641321726
51.48591714,-0.124469948,632.8,0.982273194560301,8.569999999999999,9.1,0.9977596260309338,8.3,0.962566231652757
51.52559505,-0.144083893,743.1,0.9903349912009688,9.279999999999998,9.7,0.9998757623210329,9.0,0.9668490184540737
51.52486887,-0.099489485,745.7,0.9904993672069867,9.129999999999999,9.3,0.9995904252341744,9.0,0.9700423363782942
51.50069361,-0.102091246,739.2,0.9958811796299356,9.219999999999999,9.5,0.9999358332866873,9.0,0.982841547810345
51.52025302,-0.141327271,866.8,0.9946947780582607,9.389999999999999,9.7,0.9998348048444503,9.3,0.9668490184540737
51.50963938,-0.131510949,530.2,0.925945196165834,9.41,9.5,0.9994771095489626,9.3,0.5106441655391983
51.51593725,-0.111778348,842.8,0.9910753658526594,9.219999999999999,9.4,0.9999713297663922,9.1,0.9700423363782942
51.50064702,-0.078600401,531.4,0.9893718078766689,9.229999999999999,9.5,0.9999249112929319,9.1,0.962549848662124
51.48947903,-0.115156562,729.6,0.9866672491730002,8.71,9.1,0.9977596260309338,8.4,0.9681651187015934
51.51858757,-0.132053392,705.4,0.9250068603773276,9.389999999999999,9.5,0.9998348048444503,9.3,0.5106441655391983
51.5262503,-0.123509611,657.5,0.9856657023456347,9.11,9.4,0.9998348048444503,9.0,0.9604159641321726
51.49368637,-0.111014912,766.0,0.9809899968189691,8.91,9.2,0.9978046792551747,8.7,0.9628078807645942
51.49889832,-0.100440521,666.8,0.9883619330290647,9.13,9.5,0.9997255849068968,9.0,0.9520770218999627
51.49506109,-0.085814489,810.7,0.9809985978890516,9.14,9.5,0.9999249112929319,9.0,0.956818532439004
51.49792478,-0.183834706,655.1,0.9944146289184358,9.129999999999999,9.4,0.9997774643772347,9.0,0.9759606917444745
51.52554222,-0.138231303,1308.9,0.9500985027311811,9.16,9.7,0.9985446443320996,9.0,0.5977388742427987
51.49043573,-0.122806861,625.4,0.9858668035556551,8.68,9.1,0.9977596260309338,8.5,0.9681651187015934
51.49646288,-0.183289032,643.2,0.9944146289184358,9.129999999999999,9.4,0.9997774643772347,9.0,0.9759606917444745
51.51423368,-0.073537654,678.0,0.9897998135069568,9.189999999999998,9.3,0.9998525530843028,9.1,0.9693283110365382
51.49288067,-0.114934001,768.9,0.9813962949866684,8.91,9.4,0.9999699645171728,8.7,0.9628078807645942
51.52589324,-0.090847761,636.1,0.9844174549843203,9.169999999999998,9.3,0.9995904252341744,9.0,0.9545276442488194
51.51891348,-0.156166631,662.2,0.9989123059468892,9.33,9.5,0.9999972695015612,9.2,0.9958332593823339
51.52111369,-0.078869751,513.8,0.9820628096555886,9.2,9.3,0.9997446983959687,9.1,0.9545276442488194
51.52836014,-0.104724625,725.8,0.9865488820656767,9.09,9.3,0.9981978710303673,9.0,0.9700423363782942
51.53300545,-0.136792671,799.6,0.9903472784439435,9.209999999999997,9.7,0.999537180514617,9.0,0.9668490184540737
51.49488108,-0.117974901,785.2,0.9912846585579965,9.010000000000002,9.4,0.9999726950156116,8.7,0.9628078807645942
51.51530805,-0.147203711,550.5,0.9982333675100721,9.389999999999999,9.5,0.9999972695015612,9.3,0.9959779757995924
51.49211134,-0.138364847,632.5,0.9933583355973716,8.99,9.2,0.9997337764022134,8.8,0.9805083368943583
51.48478899,-0.110683213,543.4,0.9783322661635268,8.559999999999999,8.9,0.9974415229628092,8.3,0.9527610117588915
51.49705603,-0.168917077,627.2,0.9936663358212725,9.23,9.4,0.9998907800624465,9.1,0.9797205880947537
51.49443626,-0.092921165,711.3,0.9808533353721056,8.959999999999999,9.2,0.9978046792551747,8.8,0.956818532439004
51.50039792,-0.193068385,488.8,0.9920909747469853,9.05,9.5,0.9994921272903762,8.9,0.9771184230825416
51.515607,-0.183118788,690.8,0.9940071020264394,9.05,9.6,0.9999071630530795,8.8,0.9824783915179797
51.5278427,-0.1080682,747.1,0.986743293554522,9.09,9.3,0.9981978710303673,9.0,0.9700423363782942
51.521668,-0.079608554,505.5,0.9820628096555886,9.2,9.3,0.9997446983959687,9.1,0.9545276442488194
51.51791921,-0.188098863,647.8,0.9908820465631898,8.91,9.1,0.9990074638174825,8.8,0.9786515979559489
51.52202903,-0.165842551,879.6,0.9949270069504836,9.16,9.5,0.9995221627732034,9.0,0.9797751980635305
51.482362,-0.13612398,744.9,0.9904126738815536,8.52,8.9,0.9999535815265398,8.2,0.9741585627748417
51.48805753,-0.140741432,743.5,0.9942153025324008,8.95,9.2,0.9999535815265398,8.7,0.9805083368943583
51.49247977,-0.178433004,571.5,0.9921135013591055,9.129999999999999,9.4,0.9997774643772347,9.0,0.9759606917444745
51.53166681,-0.109914711,698.4,0.9844184106587737,9.110000000000001,9.3,0.9937376018305262,9.0,0.9700423363782942
51.48997562,-0.132845681,743.5,0.9400605078454045,8.84,9.1,0.9977596260309338,8.7,0.5010437330282457
51.50368837,-0.098497684,461.0,0.9950897446574386,9.2,9.5,0.9999358332866873,9.0,0.982841547810345
51.518154,-0.062697,900.0,0.9861005342220196,9.19,9.4,0.9997446983959687,9.0,0.9693283110365382
51.52505151,-0.166304359,814.1,0.9963455008894598,9.05,9.6,0.9998757623210329,8.7,0.9892978113689763
51.49358391,-0.165101392,664.2,0.993301404704922,9.240000000000002,9.4,0.9998907800624465,9.2,0.9797205880947537
51.50658458,-0.199004026,780.2,0.9915121090779516,9.14,9.5,0.9994921272903762,9.0,0.97554838648021
51.53450449,-0.106992706,737.8,0.981834130411336,9.189999999999998,9.3,0.9937376018305262,9.1,0.9659220142340884
51.5233534,-0.175116099,726.3,0.9901968279799634,8.870000000000001,9.2,0.9971520901282924,8.7,0.9823500580913543
51.49096258,-0.139625122,645.1,0.9933583355973716,8.99,9.2,0.9997337764022134,8.8,0.9805083368943583
51.530529,-0.167515,685.6,0.9911665645005165,8.940000000000001,9.6,0.9998757623210329,8.5,0.9740725520740183
51.489932,-0.162727,395.8,0.9893926961897261,9.149999999999999,9.3,0.9996982799225085,9.1,0.9797205880947537
51.52248185,-0.154907218,800.3,0.9985303092152957,9.34,9.6,0.9999972695015612,9.2,0.9943860952097501
51.490959,-0.1532331,612.7,0.9886464509663918,9.159999999999998,9.3,0.9996982799225085,9.1,0.9797205880947537
51.49874469,-0.103132904,556.4,0.9894997317285286,9.09,9.5,0.9978046792551747,8.9,0.9674647458520316
51.51422502,-0.080660083,782.4,0.9853850071061222,9.23,9.3,0.9998525530843028,9.1,0.9639328461213952
51.49320445,-0.144132875,616.8,0.9952819717475325,9.06,9.2,0.9999426595327844,8.9,0.9862410183666978
51.52004497,-0.092176447,687.0,0.9906349364544752,9.17,9.3,0.9997023756701667,9.0,0.9639328461213952
51.5034938,-0.07962099,513.9,0.9924255973306646,9.28,9.5,0.9999358332866873,9.1,0.9744275168710672
51.5272947,-0.174653609,786.6,0.9914954530374747,8.82,9.2,0.9992422866832226,8.5,0.9824783915179797
51.49888404,-0.165471605,684.8,0.9967064727830742,9.3,9.6,0.9999986347507805,9.2,0.9797205880947537
51.49363156,-0.190603326,828.3,0.9894698327706232,9.0,9.2,0.9995672159974442,8.8,0.9674961465840782
51.49907558,-0.085666316,710.5,0.9934599101392964,9.249999999999998,9.5,0.9999358332866873,9.1,0.9744275168710672
51.49652013,-0.101384068,627.0,0.9881627431679517,9.030000000000001,9.3,0.9978046792551747,8.9,0.9674647458520316
51.50908747,-0.129697889,596.0,0.9268642819403468,9.420000000000002,9.5,0.9999726950156116,9.4,0.5106441655391983
51.51641749,-0.179135079,655.8,0.9917257705807906,8.94,9.1,0.9990074638174825,8.8,0.9824783915179797
51.53692216,-0.150181444,653.3,0.9940622580949039,9.15,9.6,0.9998757623210329,8.8,0.9852662304240327
51.51217033,-0.150481272,505.5,0.9982333675100721,9.389999999999999,9.5,0.9999972695015612,9.3,0.9959779757995924
51.49459148,-0.134234258,732.2,0.9970745439726295,9.110000000000003,9.4,0.9999726950156116,8.9,0.9805083368943583
51.461388,-0.13922146,443.0,0.9560123527749372,8.77,9.1,0.9993269321348266,8.5,0.9223200499135115
51.494412,-0.173881,685.4,0.9900794165470937,9.189999999999998,9.4,0.9997924821186484,9.1,0.9797205880947537
51.520994,-0.139016,904.5,0.993749752548579,9.389999999999999,9.7,0.9998348048444503,9.3,0.9668490184540737
51.536264,-0.133952,649.2,0.9922998578775563,9.120000000000001,9.3,0.999537180514617,8.9,0.9751893259355029
51.519572,-0.13214036,788.9,0.9227030023195585,9.43,9.7,0.9998348048444503,9.3,0.5106441655391983
51.530344,-0.100168,724.1,0.9829365691560165,9.120000000000001,9.3,0.9973022675424286,9.0,0.9659220142340884
51.50194596,-0.194392952,513.4,0.9934208640116209,9.06,9.5,0.9994921272903762,8.9,0.9771184230825416
51.51953043,-0.13577731,859.3,0.9228180928287554,9.440000000000001,9.7,0.9998348048444503,9.3,0.5106441655391983
51.49369988,-0.121394101,686.0,0.9886327984741975,8.98,9.4,0.9999726950156116,8.7,0.9628078807645942
51.51733427,-0.103604248,726.6,0.9888076868992052,9.19,9.3,0.9997023756701667,9.0,0.9639328461213952
51.524826,-0.176268,725.7,0.9909590466191652,8.78,9.2,0.9979999098935515,8.5,0.9824783915179797
51.492462,-0.159919,598.5,0.9937942596731322,9.22,9.4,0.9998907800624465,9.1,0.9797205880947537
51.51809,-0.163609,839.0,0.99742049812483,9.28,9.5,0.9999972695015612,9.1,0.9797751980635305
51.502319,-0.200742,598.9,0.9902880266278207,9.090000000000002,9.5,0.9994921272903762,8.9,0.9663288585014751
51.52261762,-0.071653961,550.3,0.9817299618958945,9.22,9.4,0.9997446983959687,9.1,0.9545276442488194
51.528187,-0.075375,669.8,0.9883982486583014,9.23,9.4,0.9997446983959687,9.1,0.9764494509650264
51.52289229,-0.171681991,828.4,0.9922225847717371,8.879999999999999,9.2,0.9992982619012187,8.7,0.9824783915179797
51.51689296,-0.158249929,676.6,0.9992362795866571,9.34,9.5,0.9999972695015612,9.2,0.997756895532495
51.49418566,-0.18267094,687.8,0.9944150384932018,9.139999999999999,9.4,0.9997774643772347,9.0,0.9759606917444745
51.519968,-0.169774,742.6,0.9923091415722481,8.95,9.2,0.9995221627732034,8.8,0.9658974397481388
51.499169,-0.055846029,643.6,0.9337911469049116,8.610000000000001,9.2,0.9967807423406105,8.4,0.5439166542656529
51.488105,-0.110121,765.1,0.9815781461826949,8.749999999999998,9.0,0.997512515922219,8.5,0.9674647458520316
51.485821,-0.149004,840.2,0.992108040362228,9.100000000000003,9.5,0.9996982799225085,8.9,0.9805083368943583
51.490491,-0.149186,598.7,0.9933809987344139,9.1,9.3,0.9997337764022134,9.0,0.9797205880947537
51.493072,-0.129925,766.6,0.9963400398925822,9.06,9.4,0.9999726950156116,8.8,0.9805083368943583
51.48902,-0.17524,756.7,0.9911096336080669,9.159999999999998,9.4,0.9997774643772347,9.1,0.9759606917444745
51.534474,-0.122203,467.4,0.9903134202633019,9.16,9.3,0.999537180514617,9.0,0.9751893259355029
51.524564,-0.116279,730.0,0.9899853508758756,9.16,9.4,0.9998348048444503,9.0,0.9700423363782942
51.488852,-0.105593,695.1,0.9825272674400349,8.77,9.0,0.997512515922219,8.5,0.9674647458520316
51.52388,-0.065076,627.8,0.9874152692203196,9.189999999999998,9.4,0.9997446983959687,9.1,0.9764494509650264
51.50623,-0.02296,586.1,0.9921532301113907,8.799999999999999,9.1,0.9984149456562548,8.6,0.9840402366249947
51.515975,-0.053177,729.4,0.983839681514662,8.66,9.1,0.9938973359891982,8.3,0.9666005430961395
51.538071,-0.144664,509.3,0.9892067492460411,8.989999999999998,9.3,0.999833439595231,8.8,0.9607804856737573
51.516196,-0.029138,813.7,0.9422210147351346,8.38,8.9,0.998252480999144,7.9,0.5709554150562415
51.541603,-0.138853,601.3,0.9882964010665327,9.01,9.3,0.999833439595231,8.8,0.9607804856737573
51.534776,-0.071881,654.2,0.9848791822703274,9.040000000000001,9.2,0.9993392193778013,8.9,0.9597934104881175
51.51417,-0.052099,765.6,0.9823462353935399,8.700000000000003,9.1,0.9938973359891982,8.4,0.9666005430961395
51.533283,-0.028155,684.8,0.949065282121925,8.67,9.5,0.9997269501561162,8.2,0.7765250857717823
51.496137,-0.019355,709.1,0.9859570465290586,8.6,8.8,0.9996846274303143,8.4,0.9580540829825781
51.499041,-0.020157,706.1,0.9905339080122382,8.75,9.1,0.9984149456562548,8.6,0.9707604574677084
51.5128711,-0.0389866,392.6,0.9823710829293333,8.34,8.9,0.9952557589625198,7.8,0.9666005430961395
51.51328,-0.047784,649.6,0.979705979928106,8.63,9.1,0.9938973359891982,8.2,0.9649922795156642
51.528828,-0.013258,677.3,0.8376874316522109,,8.7,0.9969240935086495,6.7,0.27635238174552573
51.531127,-0.048017,674.4,0.968846924161771,8.95,9.2,0.9956079932611298,8.7,0.9267762233656943
51.525645,-0.069543,654.6,0.9846738487877271,9.23,9.4,0.9997446983959687,9.1,0.9693283110365382
51.511811,-0.025626,709.3,0.9893611589327573,8.75,9.1,0.9950373190874128,8.5,0.9778078739383481
51.506946,-0.058681,601.0,0.9815205326656355,8.700000000000001,9.2,0.9907954897626787,8.4,0.9720929407058612
51.508622,-0.065006,786.7,0.9878091436201221,8.999999999999998,9.3,0.9998525530843028,8.8,0.9805247198849915
51.522561,-0.054883,653.3,0.9800834713372752,8.97,9.4,0.9938973359891982,8.7,0.9584227002718211
51.528692,-0.059091,756.9,0.9847634091365208,9.09,9.4,0.9993392193778013,8.9,0.9597934104881175
51.532091,-0.06142,652.8,0.9835831511863333,9.080000000000002,9.4,0.9993392193778013,8.9,0.9597934104881175
51.500088,-0.211316,741.1,0.9866972846558275,8.91,9.5,0.9994921272903762,8.6,0.9715782417501403
51.5112,-0.014438,734.1,0.9933420891316607,8.680000000000001,9.1,0.9996846274303143,8.5,0.9820811039951288
51.507326,-0.145827,676.2,0.9984388375175947,9.39,9.4,0.9999972695015612,9.3,0.9959779757995924
51.528302,-0.144466,1351.9,0.9493371032415112,9.16,9.7,0.9998757623210329,8.9,0.5977388742427987
51.539957,-0.145246,495.1,0.992213710651811,9.0,9.3,0.999833439595231,8.8,0.9852662304240327
51.509474,-0.002275,848.5,0.9678728188437159,8.319999999999999,9.0,0.9922399234368238,8.0,0.8454510578633576
51.498386,-0.107913,657.4,0.9907064755135728,9.080000000000002,9.3,0.9998375353428892,8.9,0.9674647458520316
51.49605,-0.104193,574.1,0.985765775113418,9.010000000000002,9.3,0.9978046792551747,8.8,0.9652202761353071
51.521564,-0.039264,889.0,0.9722521287648453,8.639999999999999,9.0,0.9938973359891982,8.3,0.9317238865368679
51.513548,-0.005659,680.3,0.9680070228419847,7.5,9.0,0.9942864320167325,6.2,0.8522363464838689
51.521905,-0.063386,750.5,0.9874152692203196,9.189999999999998,9.4,0.9997446983959687,9.1,0.9764494509650264
51.51616,-0.18697,686.7,0.9918120543314579,8.97,9.1,0.9990074638174825,8.8,0.9786515979559489
51.503083,-0.017676,408.1,0.9934577257405452,8.749999999999998,9.1,0.9984149456562548,8.5,0.9879407536448741
51.485587,-0.18119,717.7,0.9795407847725563,8.929999999999998,9.2,0.9995672159974442,8.8,0.9497383499870984
51.497304,-0.022793,726.0,0.9893563805604895,8.6,8.8,0.9996846274303143,8.5,0.9677555439357678
51.48692917,-0.102996299,725.5,0.9827250920519287,8.640000000000002,8.9,0.9972585795674072,8.3,0.9527610117588915
51.519167,-0.147983,696.5,0.9985070999785656,9.35,9.5,0.9999972695015612,9.2,0.995109677296042
51.51244,-0.19096,602.9,0.9870844693344546,9.040000000000001,9.6,0.9999071630530795,8.9,0.9663288585014751
51.490645,-0.014582,679.3,0.9482117283099443,8.330000000000002,8.8,0.9967356891163698,7.9,0.6749341608563936
51.50964,-0.08497,578.5,0.9920085136941322,9.27,9.5,0.9999358332866873,9.1,0.9639328461213952
51.5171,-0.18377,682.0,0.9931747095773599,8.969999999999999,9.1,0.9990074638174825,8.8,0.9824783915179797
51.481747,-0.124642,688.4,0.9828214786468195,8.51,8.8,0.9974415229628092,8.3,0.962566231652757
51.468814,-0.210279,672.0,0.9854048032198037,8.870000000000001,9.2,0.998059980859206,8.7,0.9746664354844655
51.54119,-0.058826101,452.6,0.9884053479542422,9.120000000000001,9.4,0.9993392193778013,8.9,0.9746063645188111
51.4768851,-0.215895601,694.7,0.9799488577642407,8.879999999999999,9.2,0.998059980859206,8.7,0.9479730827463899
51.4687905,-0.158230901,834.2,0.8738475590026582,8.389999999999999,8.5,0.991454905135658,8.3,0.03239190297992947
51.46881971,-0.184318843,722.8,0.9674307511464681,8.46,8.7,0.9895326342347164,8.2,0.9356544390395745
51.46841875,-0.199135704,740.5,0.9787594526442829,8.739999999999998,8.9,0.9910576176128071,8.5,0.9715495715165325
51.48810829,-0.22660621,603.7,0.9736251599048149,8.809999999999999,9.3,0.9935068747124444,8.6,0.9387030405465365
51.46506424,-0.163750945,644.2,0.8723911111353821,8.459999999999999,8.7,0.991454905135658,8.3,0.03239190297992947
51.53639219,-0.112721065,829.7,0.9870119746009035,9.23,9.3,0.999537180514617,9.1,0.9760002839718377
51.5366541,-0.07023031,709.5,0.9854142234394176,9.05,9.2,0.9993392193778013,8.9,0.9597934104881175
51.51505991,-0.10534448,828.6,0.9935875609413121,9.209999999999999,9.3,0.9997255849068968,9.1,0.9639328461213952
51.46230566,-0.175407201,611.1,0.9696068218772996,8.49,8.7,0.9852908049099823,8.2,0.928714877257269
51.46239255,-0.16829214,562.5,0.9649476358661893,8.459999999999999,8.7,0.991454905135658,8.3,0.9220483653188472
51.46134382,-0.159322467,539.0,0.8760682733829647,8.419999999999998,9.1,0.9993269321348266,8.1,0.03239190297992947
51.514449,-0.077178979,724.5,0.9876533686841864,9.2,9.3,0.9998525530843028,9.1,0.9693283110365382
51.498585,-0.068981764,725.7,0.9817174016030755,9.16,9.5,0.9999249112929319,9.0,0.956818532439004
51.497995,-0.063471392,749.6,0.9850151610925817,8.98,9.5,0.9999249112929319,8.6,0.9690607221895321
51.5225965,-0.161113413,741.6,0.9944140828187484,9.219999999999999,9.6,0.9998757623210329,9.0,0.9797751980635305
51.50581776,-0.100186337,676.9,0.993136482599216,9.290000000000003,9.5,0.9999358332866873,9.2,0.9639328461213952
51.51444134,-0.087587447,719.7,0.9877341914379762,9.260000000000002,9.5,0.9999358332866873,9.1,0.9639328461213952
51.51457763,-0.158264483,702.8,0.9986182312650262,9.399999999999999,9.6,0.9999986347507805,9.3,0.9959779757995924
51.538792,-0.138535,710.8,0.991844956837646,9.060000000000002,9.3,0.999833439595231,8.9,0.9751893259355029
51.504749,-0.057544,554.4,0.9815205326656355,8.700000000000001,9.2,0.9907954897626787,8.4,0.9720929407058612
51.499286,-0.009152,724.8,0.991870623522971,8.73,9.1,0.9984149456562548,8.5,0.9793260310703418
51.49679128,-0.093913472,803.9,0.9837841158714318,9.07,9.2,0.9989460276026088,9.0,0.956818532439004
51.511933,-0.174411,743.9,0.9949361541202538,9.14,9.6,0.9999986347507805,9.0,0.9905470144047445
51.505014,-0.17306032,854.5,0.999121052552538,9.27,9.6,0.9999986347507805,9.1,0.9957240394447805
51.50204238,-0.184400221,650.9,0.9969269605320102,9.120000000000001,9.6,0.9999071630530795,9.0,0.9857877556258507
51.50311799,-0.153520935,722.3,0.998275690235874,9.33,9.6,0.9999986347507805,9.2,0.995109677296042
51.51908011,-0.124678402,673.9,0.9243761152379563,9.379999999999999,9.5,0.9999713297663922,9.3,0.5106441655391983
51.49942855,-0.179702476,710.0,0.994961684280657,9.2,9.6,0.9999071630530795,9.1,0.9759606917444745
51.5017154373867,-0.1798541843891,737.8,0.9965363627303345,9.179999999999998,9.6,0.9999071630530795,9.0,0.9759606917444745
51.49372451,-0.198286569,804.2,0.98622149530286,8.84,9.2,0.9983971974164024,8.7,0.9755388297356741
51.494499,-0.228188,568.7,0.9847199942113433,8.860000000000001,9.3,0.9954933123266987,8.7,0.955507893188362
51.50275704,-0.155349725,699.7,0.999265086345187,9.3,9.6,0.9999986347507805,9.2,0.9960080112824196
51.49087074,-0.206029743,590.9,0.9788794580506698,8.600000000000001,9.2,0.98506144304112,8.4,0.9736889170433617
51.51542791,-0.02356501,742.4,0.9446712275092258,8.15,8.8,0.9950373190874128,7.7,0.5709554150562415
51.49859784,-0.096191134,708.3,0.9892833397272506,9.17,9.5,0.9999358332866873,9.0,0.956818532439004
51.50069491,-0.094524319,700.6,0.9941111340169593,9.229999999999999,9.5,0.9999358332866873,9.1,0.9744275168710672
51.488226,-0.135635511,775.3,0.9900855601685808,8.779999999999998,9.1,0.9999535815265398,8.6,0.9766419511049644
51.50930161,-0.084985356,699.8,0.9934155395396653,9.31,9.5,0.9999358332866873,9.2,0.9639328461213952
51.507131,-0.06691,701.0,0.9898632975956596,9.02,9.4,0.9998525530843028,8.8,0.9831173281526676
51.50950627,-0.075459482,568.8,0.9898549695754213,9.209999999999999,9.4,0.9998525530843028,9.1,0.9693283110365382
51.50227992,-0.074189225,544.9,0.986635165816344,9.229999999999999,9.5,0.9999249112929319,9.1,0.962549848662124
51.51066202,-0.142345694,722.3,0.9274030092823293,9.420000000000002,9.5,0.9999972695015612,9.4,0.5106441655391983
51.4954,-0.061698585,722.6,0.9749620119404696,8.74,9.2,0.9967807423406105,8.4,0.9350264243986418
51.488067,-0.057774596,744.0,0.9763495147221649,8.15,8.8,0.9976777110777687,7.6,0.9442418566297185
51.492668,-0.072350665,698.2,0.9795467918691217,8.969999999999999,9.5,0.9999249112929319,8.5,0.956818532439004
51.492221,-0.0625130999999896,684.2,0.9784079009702827,8.620000000000001,9.0,0.9967807423406105,8.3,0.8979162201164012
51.50686435,-0.150666888,701.2,0.9985505149037431,9.41,9.6,0.9999986347507805,9.3,0.9959779757995924
51.4908679,-0.116911864,713.7,0.9853488280018077,8.73,9.1,0.9977596260309338,8.5,0.9681651187015934
51.515231,-0.07015,745.3,0.9876701612495854,9.189999999999998,9.3,0.9998525530843028,9.1,0.9693283110365382
51.51552971,-0.190240716,663.5,0.9878913316231313,8.98,9.1,0.9990074638174825,8.9,0.9663288585014751
51.47727637,-0.189210466,693.1,0.9836529154214457,8.77,9.1,0.9995508330068112,8.5,0.9636802750158028
51.522511,-0.162298,787.8,0.9944140828187484,9.219999999999999,9.6,0.9998757623210329,9.0,0.9797751980635305
51.53219984,-0.105480698,717.9,0.9804965957510714,9.139999999999999,9.3,0.9937376018305262,9.0,0.9659220142340884
51.51816295,-0.135025698,796.2,0.926887764226921,9.41,9.5,0.9998348048444503,9.3,0.5106441655391983
51.534137,-0.037366,524.8,0.9550304655363313,8.89,9.5,0.9997269501561162,8.5,0.7765250857717823
51.49016361,-0.19039362,733.9,0.9812009278233695,8.83,9.2,0.9995672159974442,8.6,0.9497383499870984
51.49980661,-0.176415994,806.6,0.9955117431911609,9.229999999999999,9.6,0.9999071630530795,9.1,0.9805834256014264
51.5073853,-0.096440751,590.9,0.991433880297679,9.290000000000003,9.5,0.9999358332866873,9.2,0.9639328461213952
51.45971528,-0.212145939,665.5,0.9601549284814197,8.42,8.8,0.9910562523635877,8.2,0.926596010468731
51.49396755,-0.17873226,408.3,0.9940120169236293,9.100000000000001,9.4,0.9997774643772347,8.9,0.9759606917444745
51.505772,-0.016460175,410.9,0.9934577257405452,8.749999999999998,9.1,0.9984149456562548,8.5,0.9879407536448741
51.52334476,-0.183846408,677.0,0.9851612427590595,8.81,9.0,0.9982456547530469,8.7,0.9310453576748168
51.4835707,-0.2020387000000028,706.6,0.9791340770300915,8.82,9.1,0.9995508330068112,8.6,0.9479730827463899
51.51707521,-0.086685542,738.4,0.9862628623542087,9.22,9.3,0.9997446983959687,9.1,0.9639328461213952
51.50185512,-0.159237081,554.4,0.9968354888343093,9.25,9.6,0.9999986347507805,9.1,0.9818694903661189
51.495598,-0.078893,575.9,0.9809684258813025,9.120000000000001,9.5,0.9999249112929319,9.0,0.956818532439004
51.49066456,-0.166485083,630.4,0.990992358700119,9.2,9.4,0.9997774643772347,9.1,0.9797205880947537
51.52557531,-0.179592915,734.2,0.9921517283372492,8.82,9.2,0.9982087930241226,8.5,0.9824783915179797
51.52959,-0.0801,577.2,0.982155783127431,9.179999999999998,9.3,0.9973022675424286,9.1,0.9545276442488194
51.538718,-0.011889482,799.7,0.9591752256415648,8.58,9.3,0.997235370330677,8.1,0.7273187734054913
51.527068,-0.13186102,659.0,0.9907264081521762,9.17,9.7,0.9998348048444503,9.0,0.9668490184540737
51.48498496,-0.167919869,695.1,0.9848705812002454,9.14,9.5,0.9996982799225085,8.9,0.9467771244301791
51.531091,-0.075901,651.1,0.9838458251361496,9.2,9.4,0.9973022675424286,9.1,0.9545276442488194
51.501391,-0.205991,705.0,0.9890673573007384,8.989999999999998,9.5,0.9994921272903762,8.7,0.9663288585014751
51.46663393,-0.169821175,748.9,0.9635758334505173,8.510000000000002,8.7,0.9852908049099823,8.4,0.9220483653188472
51.516204,-0.155525,608.1,0.9985902436560281,9.37,9.5,0.9999972695015612,9.3,0.9959779757995924
51.517703,-0.154106,661.3,0.9985902436560281,9.37,9.5,0.9999972695015612,9.3,0.9959779757995924
51.52364804,-0.074754872,525.5,0.9860074242252553,9.24,9.4,0.9997446983959687,9.1,0.9693283110365382
51.49559291,-0.179077626,487.7,0.9931650163079018,9.129999999999999,9.4,0.9997774643772347,9.0,0.9759606917444745
51.52536703,-0.153463612,591.6,0.9944942229479281,9.209999999999999,9.6,0.9998757623210329,9.0,0.9797751980635305
51.51501025,-0.112753217,799.0,0.9951382110047279,9.250000000000002,9.4,0.9999713297663922,9.2,0.9850368685551704
51.48267821,-0.117661574,487.1,0.9828214786468195,8.51,8.8,0.9974415229628092,8.3,0.962566231652757
51.50135267,-0.153194766,755.9,0.999265086345187,9.3,9.6,0.9999986347507805,9.2,0.9960080112824196
51.51196803,-0.120718759,645.3,0.9252633907056564,9.4,9.5,0.9998348048444503,9.3,0.5106441655391983
51.496468,-0.17379696,527.1,0.9953757643689067,9.179999999999998,9.4,0.9998907800624465,9.1,0.9805834256014264
51.495947,-0.17368958,681.8,0.9914577721590188,9.2,9.4,0.9998907800624465,9.1,0.9797205880947537
51.51155322,-0.0929401,556.6,0.9931087680400619,9.290000000000003,9.5,0.9999358332866873,9.2,0.9639328461213952
51.49464523,-0.158105512,644.6,0.9949810708195728,9.23,9.4,0.9998907800624465,9.1,0.9797205880947537
51.50923,-0.1512899999999888,576.7,0.9985505149037431,9.41,9.6,0.9999986347507805,9.3,0.9959779757995924
51.51073687,-0.144165239,531.1,0.927208870843328,9.420000000000002,9.5,0.9999972695015612,9.4,0.5106441655391983
51.52469624,-0.084439283,635.8,0.9842042030562471,9.22,9.3,0.9997446983959687,9.1,0.9545276442488194
51.5034,-0.0202423000000067,496.5,0.9922519376299548,8.77,9.1,0.9984149456562548,8.6,0.9840402366249947
51.511246,-0.093051,558.0,0.9931087680400619,9.290000000000003,9.5,0.9999358332866873,9.2,0.9639328461213952
51.50946212,-0.124749274,623.0,0.9260564639772169,9.4,9.5,0.9999726950156116,9.3,0.5106441655391983
51.49616092,-0.140947636,550.4,0.9948270707076222,9.030000000000001,9.2,0.9999426595327844,8.9,0.9805083368943583
51.49582705,-0.13547809,776.6,0.998837353764743,9.15,9.4,0.9999726950156116,9.0,0.9950168403491215
51.5100172,-0.157275636,738.6,0.9985505149037431,9.41,9.6,0.9999986347507805,9.3,0.9959779757995924
51.50844614,-0.131961389,548.0,0.9263449411372798,9.4,9.5,0.9994771095489626,9.3,0.5106441655391983
51.50742485,-0.134621209,601.0,0.9268645549901908,9.41,9.5,0.9994771095489626,9.3,0.5106441655391983
51.4981256,-0.1321021999999914,727.9,0.9951950053722557,9.2,9.4,0.9999726950156116,9.0,0.9812442062236251
51.50274025,-0.149569201,808.1,0.9984735148477679,9.34,9.4,0.9999453900312233,9.3,0.9959779757995924
51.50295379,-0.158456089,672.4,0.99832743318129,9.3,9.6,0.9999986347507805,9.2,0.9905661278938164
51.49886563,-0.137424571,733.1,0.9953589718035077,9.21,9.4,0.9999726950156116,9.0,0.9812442062236251
51.52452699,-0.079248081,580.3,0.9860074242252553,9.24,9.4,0.9997446983959687,9.1,0.9693283110365382
51.51175646,-0.119643424,679.2,0.9243266932162133,9.389999999999999,9.5,0.9998348048444503,9.3,0.5106441655391983
51.49675303,-0.138733562,779.0,0.9941019868471889,9.120000000000001,9.2,0.9999426595327844,9.0,0.9812442062236251
51.506093,-0.2242237,504.2,0.9925419165641591,8.709999999999999,8.9,0.999957677274198,8.6,0.9752220919167689
51.47569809,-0.20587627,480.3,0.9838960663074241,8.91,9.2,0.998059980859206,8.8,0.9643369598903432
51.513074,-0.064094,690.0,0.9882659560089395,8.95,9.3,0.9998525530843028,8.8,0.9726649801287977
51.50315739,-0.191496313,579.4,0.9938585629113665,9.15,9.6,0.9999071630530795,8.9,0.9771184230825416
51.50136494,-0.191462381,484.7,0.9940445098550514,9.13,9.6,0.9999071630530795,8.9,0.9771184230825416
51.513757,-0.020467,814.4,0.99115905562981,8.680000000000001,9.1,0.9951137730437003,8.4,0.9820811039951288
51.51494305,-0.11614642,678.8,0.9961091762495784,9.32,9.4,0.9999713297663922,9.2,0.9898875990317653
51.51563144,-0.132328837,593.8,0.9269513848405457,9.420000000000002,9.5,0.9998348048444503,9.4,0.5106441655391983
51.51013066,-0.155757901,678.2,0.9985505149037431,9.41,9.6,0.9999986347507805,9.3,0.9959779757995924
51.51352755,-0.130110822,485.6,0.9268504929232305,9.420000000000002,9.5,0.9998348048444503,9.4,0.5106441655391983
51.5118973,-0.137043852,497.9,0.9270294770958964,9.420000000000002,9.5,0.9994771095489626,9.4,0.5106441655391983
51.51310333,-0.13121385,481.9,0.9269513848405457,9.420000000000002,9.5,0.9998348048444503,9.4,0.5106441655391983
51.5136846,-0.135580879,569.6,0.9265657019360599,9.420000000000002,9.5,0.9994771095489626,9.4,0.5106441655391983
51.51251523,-0.133201961,494.6,0.9265657019360599,9.420000000000002,9.5,0.9994771095489626,9.4,0.5106441655391983
51.50542628,-0.150817316,713.4,0.9982216263667851,9.379999999999999,9.6,0.9999986347507805,9.3,0.9959779757995924
51.479601,-0.11147178,636.8,0.9779228279226231,8.51,8.8,0.9974415229628092,8.3,0.9549167402763538
51.506613,-0.142844,656.6,0.9265347107787791,9.4,9.5,0.9993296626332654,9.3,0.5106441655391983
51.50777049,-0.130699733,644.6,0.9265741664812202,9.41,9.5,0.9999726950156116,9.3,0.5106441655391983
51.505461,-0.10454093,650.3,0.9940722244142057,9.239999999999998,9.5,0.9999358332866873,9.1,0.9702088967830632
51.50663341,-0.131773845,714.6,0.9274929792058891,9.420000000000002,9.5,0.9999726950156116,9.4,0.5106441655391983
51.49447,-0.014409,772.3,0.9861219686347644,8.52,8.8,0.9973404945205723,8.1,0.9580540829825781
51.529416,-0.1239443999999991,598.9,0.9900459679412178,9.16,9.3,0.999537180514617,9.0,0.9751893259355029
51.496863,-0.1429434,726.5,0.9978605179482489,9.14,9.4,0.9999426595327844,9.0,0.9950168403491215
51.524309,-0.2012345999999922,728.6,0.9354011853093723,8.629999999999999,8.9,0.9935314491983939,8.3,0.5440791189227637
51.496481,-0.192404,646.6,0.9896500456675865,8.969999999999999,9.2,0.9995672159974442,8.8,0.9674961465840782
51.49357351,-0.139956043,629.7,0.9951222375888606,9.05,9.2,0.9999426595327844,8.9,0.9805083368943583
51.49481649,-0.13045856,702.6,0.9968326218109486,9.07,9.4,0.9999726950156116,8.8,0.9805083368943583
51.452997,-0.1486519000000044,660.7,0.8836439047765973,8.220000000000002,9.1,0.9993269321348266,7.9,0.10985477844053043
51.48102131,-0.209973497,741.4,0.9759355711588373,8.809999999999999,9.0,0.9936966443539436,8.7,0.9479730827463899
51.513735,-0.193487,578.1,0.9843693982117966,8.99,9.1,0.9990074638174825,8.9,0.9561440993246112
51.51108452,-0.197524944,703.3,0.9863439581578419,9.090000000000002,9.5,0.9994921272903762,8.9,0.9561440993246112
51.51787005,-0.201005397,544.6,0.9821497760308656,8.919999999999998,9.1,0.999302357648877,8.8,0.9449040025011366
51.511624,-0.205921,659.8,0.9851245175550571,9.06,9.5,0.9994921272903762,8.9,0.9561440993246112
51.51431171,-0.200838199,678.3,0.9835443781085018,9.020000000000001,9.3,0.998513243600053,8.9,0.9561440993246112
51.5190427,-0.204764421,572.3,0.9799244198032129,8.899999999999999,9.1,0.999302357648877,8.7,0.9449040025011366
51.51632095,-0.202608612,572.8,0.9796796306181712,8.929999999999998,9.1,0.999302357648877,8.8,0.9449040025011366
51.51510818,-0.208565479,692.5,0.982437707091241,8.969999999999999,9.3,0.999302357648877,8.8,0.9449040025011366
51.520509,-0.20080483,710.6,0.9794225541901547,8.919999999999998,9.1,0.999302357648877,8.8,0.9449040025011366
51.5212,-0.208888173,625.3,0.9759434896043097,8.8,9.1,0.999302357648877,8.7,0.9449040025011366
51.51213691,-0.201554966,649.4,0.9835443781085018,9.020000000000001,9.3,0.998513243600053,8.9,0.9561440993246112
51.509591,-0.204666,638.5,0.9851245175550571,9.06,9.5,0.9994921272903762,8.9,0.9561440993246112
51.48176572,-0.185273723,586.2,0.980561035514228,8.77,9.1,0.9995508330068112,8.5,0.9497383499870984
51.508447,-0.055167,722.4,0.9761295730729165,8.690000000000001,9.2,0.9907954897626787,8.4,0.9391426507951894
51.51687069,-0.213872396,717.3,0.9788780928014503,8.84,9.1,0.9993474108731178,8.7,0.9449040025011366
51.49782999,-0.135440826,768.3,0.9951950053722557,9.2,9.4,0.9999726950156116,9.0,0.9812442062236251
51.51824,-0.11655,725.0,0.9960141549039069,9.290000000000001,9.4,0.9999713297663922,9.2,0.9898875990317653
51.51615461,-0.082422399,801.3,0.9871450863997968,9.24,9.3,0.9997446983959687,9.1,0.9639328461213952
51.50935342,-0.196422,801.3,0.9906872254995788,9.139999999999999,9.5,0.9994921272903762,9.0,0.9561440993246112
51.49398524,-0.136928582,702.7,0.9955718141568154,9.05,9.2,0.9999426595327844,8.9,0.9805083368943583
51.51070161,-0.121723604,577.0,0.9252770431978506,9.389999999999999,9.5,0.9999713297663922,9.3,0.5106441655391983
51.54100708,-0.14326094,448.8,0.9895215757160392,9.0,9.3,0.999833439595231,8.8,0.9607804856737573
51.490083,-0.162418,389.6,0.9893926961897261,9.149999999999999,9.3,0.9996982799225085,9.1,0.9797205880947537
51.502661,-0.021596,564.4,0.9901564166030689,8.779999999999998,9.1,0.9984149456562548,8.6,0.9707604574677084
51.52891573,-0.115480888,739.2,0.9877295495906301,9.120000000000001,9.3,0.9985446443320996,9.0,0.9700423363782942
51.50669284,-0.103137426,722.8,0.9967269515213655,9.280000000000001,9.5,0.9999358332866873,9.2,0.982841547810345
51.47250956,-0.122831913,729.4,0.8802463455691519,8.290000000000001,8.7,0.986068996965051,7.9,0.16651535154484776
51.49456127,-0.15393398,746.7,0.9949810708195728,9.23,9.4,0.9998907800624465,9.1,0.9797205880947537
51.51492456,-0.066078037,821.5,0.9853619343943141,9.129999999999999,9.3,0.9997446983959687,9.0,0.9693283110365382
51.5291212008901,-0.171185284853,583.1,0.9230354405044867,8.629999999999999,9.2,0.9992422866832226,8.3,0.3239026468086617
51.48814438,-0.222456468,596.6,0.9795669975575692,8.79,9.3,0.9935068747124444,8.5,0.955507893188362
51.50173215,-0.100292412,633.8,0.9958811796299356,9.219999999999999,9.5,0.9999358332866873,9.0,0.982841547810345
51.50472376,-0.192538767,610.2,0.9938585629113665,9.15,9.6,0.9999071630530795,8.9,0.9771184230825416
51.50645179,-0.170279555,793.5,0.9984305094973562,9.209999999999999,9.6,0.9999986347507805,9.0,0.9915081498552153
51.49580589,-0.127575233,594.2,0.945652022548456,9.04,9.4,0.9999726950156116,8.8,0.5010437330282457
51.51248445,-0.099141408,638.8,0.9918440011631924,9.3,9.5,0.9999358332866873,9.2,0.9639328461213952
51.5154186,-0.098850915,555.8,0.993049379699017,9.169999999999998,9.3,0.9997255849068968,9.0,0.9639328461213952
51.51601,-0.0985,578.4,0.993049379699017,9.169999999999998,9.3,0.9997255849068968,9.0,0.9639328461213952
51.514274,-0.111257,836.3,0.9954548122987111,9.24,9.4,0.9999713297663922,9.1,0.9850368685551704
51.51362054,-0.116764211,676.2,0.9963655700529852,9.34,9.4,0.9999713297663922,9.2,0.9898875990317653
51.51196176,-0.097441687,584.9,0.9918440011631924,9.3,9.5,0.9999358332866873,9.2,0.9639328461213952
51.51700801,-0.09388536,678.7,0.9915086959549031,9.16,9.3,0.9997023756701667,9.0,0.9639328461213952
51.51782144,-0.096496865,642.1,0.9897509375849015,9.15,9.3,0.9997023756701667,9.0,0.9639328461213952
51.51397065,-0.09294031,561.2,0.9934552682919506,9.24,9.5,0.9999358332866873,9.1,0.9639328461213952
51.517428,-0.107987,712.0,0.9916001676526041,9.149999999999999,9.3,0.9997023756701667,9.0,0.9700423363782942
51.5216612,-0.109006325,418.9,0.9879990497865434,9.07,9.3,0.9981978710303673,9.0,0.9700423363782942
51.50143293,-0.178656971,775.9,0.994961684280657,9.2,9.6,0.9999071630530795,9.1,0.9759606917444745
51.51742,-0.1231899999999939,576.9,0.9243761152379563,9.379999999999999,9.5,0.9999713297663922,9.3,0.5106441655391983
51.51004801,-0.138846453,542.1,0.9270294770958964,9.420000000000002,9.5,0.9994771095489626,9.4,0.5106441655391983
51.50102668,-0.180246101,730.5,0.9947922568525271,9.2,9.6,0.9999071630530795,9.1,0.9759606917444745
51.4973875,-0.197245586,691.3,0.991302270272927,9.03,9.5,0.9994921272903762,8.8,0.9674961465840782
51.518675,-0.06111,768.0,0.9850229430131325,9.080000000000002,9.4,0.9957295004416581,8.9,0.9717407064072511
51.47287627,-0.176267008,578.3,0.9631385441255373,8.500000000000002,8.7,0.9911968730331878,8.4,0.9220483653188472
51.525615,-0.0885326000000077,557.2,0.9826886398977702,9.16,9.3,0.9995904252341744,9.0,0.9545276442488194
51.523196,-0.083067,610.2,0.9842042030562471,9.22,9.3,0.9997446983959687,9.1,0.9545276442488194
51.5129118,-0.153645496,563.7,0.9984651868275295,9.42,9.6,0.9999986347507805,9.3,0.9959779757995924
51.50486,-0.113001,736.1,0.9952595816603342,9.24,9.4,0.9999726950156116,9.1,0.982841547810345
51.505044,-0.115851,693.9,0.9969572690646815,9.3,9.4,0.9999726950156116,9.2,0.982841547810345
51.51382102,-0.107927706,830.8,0.9935960254864724,9.169999999999998,9.3,0.9997255849068968,9.1,0.9702088967830632
51.511726,-0.11385596,745.4,0.9960516992574411,9.280000000000001,9.4,0.9999713297663922,9.2,0.9898875990317653
51.50724437,-0.106237501,634.7,0.9939167225281139,9.2,9.5,0.9998375353428892,9.1,0.9702088967830632
51.50545935,-0.10569204,633.0,0.9939351533925761,9.2,9.5,0.9998375353428892,9.1,0.9702088967830632
51.50144456,-0.110699309,708.5,0.9935147931579171,9.239999999999998,9.5,0.9999726950156116,9.0,0.9702088967830632
51.50613324,-0.114686385,685.5,0.9968791768093306,9.260000000000002,9.4,0.9999726950156116,9.2,0.982841547810345
51.51440928,-0.118478757,647.7,0.9471563906633336,9.37,9.5,0.9999713297663922,9.3,0.5106441655391983
51.49914063,-0.112031483,818.2,0.9921402602438063,9.19,9.4,0.9999726950156116,9.0,0.9702088967830632
51.504942,-0.115533,699.2,0.9969752903543778,9.280000000000001,9.4,0.9999726950156116,9.2,0.982841547810345
51.50013942,-0.113936001,794.1,0.9944405686536049,9.2,9.4,0.9999726950156116,9.0,0.9702088967830632
51.504043,-0.105312,648.2,0.9939351533925761,9.2,9.5,0.9998375353428892,9.1,0.9702088967830632
51.504044,-0.104778,668.7,0.9940722244142057,9.239999999999998,9.5,0.9999358332866873,9.1,0.9702088967830632
51.49764,-0.12597218,517.1,0.9472934616849633,9.059999999999999,9.4,0.9999726950156116,8.8,0.5010437330282457
51.513875,-0.117774,654.6,0.9959262328541764,9.349999999999998,9.4,0.9999713297663922,9.3,0.9895148859948639
51.511934,-0.10307894,697.8,0.990130203818056,9.22,9.5,0.9997255849068968,9.0,0.9639328461213952
51.50070305,-0.129698963,680.5,0.9959110785878409,9.270000000000001,9.4,0.9999726950156116,9.2,0.9812442062236251
51.511891,-0.107349,887.4,0.991809187308097,9.280000000000001,9.5,0.9998375353428892,9.2,0.9639328461213952
51.5000891978,-0.116628700672,727.6,0.995990672617333,9.2,9.4,0.9999726950156116,9.0,0.9702088967830632
51.50621,-0.114842,697.6,0.9966696110541499,9.260000000000002,9.4,0.9999726950156116,9.2,0.982841547810345
51.508033,-0.10682363,679.8,0.9931383939481233,9.219999999999999,9.5,0.9998375353428892,9.1,0.9702088967830632
51.512582,-0.1150572999999894,694.5,0.9960516992574411,9.280000000000001,9.4,0.9999713297663922,9.2,0.9898875990317653
51.501513,-0.12382322,639.2,0.9979877591754989,9.260000000000002,9.4,0.9999726950156116,9.1,0.9850368685551704
51.50810309,-0.12602103,659.1,0.9262854162713132,9.41,9.5,0.9999726950156116,9.3,0.5106441655391983
51.50379168,-0.11282408,675.5,0.9935700857513033,9.239999999999998,9.4,0.9999726950156116,9.1,0.9702088967830632
51.50391973,-0.11342629,751.0,0.9953556952053815,9.260000000000002,9.4,0.9999726950156116,9.1,0.982841547810345
51.50402794,-0.11386436,730.8,0.9953556952053815,9.260000000000002,9.4,0.9999726950156116,9.1,0.982841547810345
51.502698,-0.1167474,703.0,0.9962601728132462,9.250000000000002,9.4,0.9999726950156116,9.1,0.982841547810345
51.50556905,-0.111606696,659.8,0.9920605296893921,9.24,9.5,0.9998375353428892,9.1,0.9702088967830632
51.50654321,-0.123179697,747.5,0.9269142500617775,9.4,9.5,0.9999726950156116,9.3,0.5106441655391983
51.510981,-0.10832249,855.4,0.9953907821103204,9.260000000000002,9.5,0.9998375353428892,9.2,0.982841547810345
51.50535447,-0.113656543,737.4,0.9968791768093306,9.260000000000002,9.4,0.9999726950156116,9.2,0.982841547810345
51.506767,-0.123702,723.8,0.9269142500617775,9.4,9.5,0.9999726950156116,9.3,0.5106441655391983
51.509943,-0.117619,648.3,0.996365843102829,9.32,9.4,0.9999713297663922,9.2,0.9898875990317653
51.50963123,-0.119047563,740.5,0.9243403457084074,9.379999999999999,9.5,0.9999713297663922,9.3,0.5106441655391983
51.52128377,-0.084605692,697.3,0.9842042030562471,9.22,9.3,0.9997446983959687,9.1,0.9545276442488194
51.51611887,-0.128585022,547.7,0.9252633907056564,9.4,9.5,0.9998348048444503,9.3,0.5106441655391983
51.520009,-0.083935724,743.5,0.9851447232435045,9.24,9.3,0.9997446983959687,9.1,0.9639328461213952
51.529452,-0.027616,630.8,0.9442376243571381,8.39,9.0,0.9859611422767169,8.1,0.7765250857717823
51.51573534,-0.093080779,633.6,0.9914697863521497,9.2,9.3,0.9997255849068968,9.1,0.9639328461213952
51.4616107,-0.2161458,473.2,0.9638821953753547,8.5,9.0,0.998059980859206,8.2,0.926596010468731
51.49159394,-0.192369256,723.3,0.9796278876727552,8.74,8.9,0.9995672159974442,8.6,0.9497383499870984
51.49395092,-0.147624377,750.6,0.9932107521567524,9.149999999999999,9.3,0.9999426595327844,9.0,0.9797205880947537
51.5015946,-0.222293381,633.7,0.989697829390266,8.750000000000002,8.9,0.999957677274198,8.6,0.9752220919167689
51.52071513,-0.14521173,820.9,0.994479751306202,9.379999999999999,9.7,0.9999972695015612,9.2,0.9668490184540737
51.45922541,-0.180884959,702.8,0.9720058378056622,8.48,8.7,0.9852908049099823,8.3,0.9579325758020498
